latestAction,number,originChamber,title,type,updateDate,updateDateIncludingText
"{'actionDate': '2023-07-27', 'text': 'Read twice and referred to the Committee on the Judiciary.'}",2565,Senate,A bill to remove linguistic barriers to participation in Gun Violence Prevention Strategies.,S,2023-07-28,2023-07-28T20:17:38Z
"{'actionDate': '2023-07-27', 'text': 'Referred to the House Committee on Energy and Commerce.'}",5010,House,"To require the Secretary of Health and Human Services, in coordination with the Director of the Centers for Disease Control and Prevention, to submit to the Congress an annual report on the effects of gun violence on public health.",HR,2023-08-05,2023-08-05T07:15:37Z
"{'actionDate': '2023-07-20', 'text': 'Referred to the Committee on the Judiciary, and in addition to the Committee on Energy and Commerce, for a period to be subsequently determined by the Speaker, in each case for consideration of such provisions as fall within the jurisdiction of the committee concerned.'}",4780,House,Language Access to Gun Violence Prevention Strategies Act of 2023,HR,2023-08-09,2023-08-09T17:30:28Z
"{'actionDate': '2023-07-17', 'text': 'Referred to the House Committee on the Judiciary.'}",4679,House,Ghost Guns and Untraceable Firearms Act of 2023,HR,2023-08-09,2023-08-09T11:45:24Z
"{'actionDate': '2023-07-13', 'text': 'Referred to the House Committee on Oversight and Accountability.'}",591,House,"Condemning the horrific gun violence in Fort Worth, Texas, and acknowledging the human toll of gun violence in this country.",HRES,2023-07-28,2023-07-28T19:44:18Z
"{'actionDate': '2023-06-30', 'text': 'Referred to the Committee on Ways and Means, and in addition to the Committee on the Judiciary, for a period to be subsequently determined by the Speaker, in each case for consideration of such provisions as fall within the jurisdiction of the committee concerned.'}",4436,House,Why Does the IRS Need Guns Act,HR,2023-08-07,2023-08-07T15:30:28Z
"{'actionDate': '2023-06-23', 'text': 'Referred to the Subcommittee on Innovation, Data, and Commerce.'}",4283,House,Gun Violence Prevention and Safe Communities Act of 2023,HR,2023-08-07,2023-08-07T14:45:23Z
"{'actionDate': '2023-06-21', 'text': 'Referred to the House Committee on Energy and Commerce.'}",530,House,"Expressing support for the designation of June 21, 2023, as National ASK (Asking Saves Kids) Day to promote children's health and safe storage of guns in the home.",HRES,2023-07-28,2023-07-28T20:05:15Z
"{'actionDate': '2023-06-20', 'text': 'Read twice and referred to the Committee on the Judiciary.'}",2048,Senate,Equal Access to Justice for Victims of Gun Violence Act,S,2023-07-28,2023-07-28T20:16:51Z
"{'actionDate': '2023-06-15', 'text': 'Referred to the House Committee on Financial Services.'}",4158,House,Gun Violence Prevention Through Financial Intelligence Act,HR,2023-07-28,2023-07-28T20:12:02Z
"{'actionDate': '2023-06-15', 'text': 'Referred to the House Committee on the Judiciary.'}",4184,House,Equal Access to Justice for Victims of Gun Violence Act of 2023,HR,2023-08-09,2023-08-09T07:15:29Z
"{'actionDate': '2023-06-14', 'text': 'Sponsor introductory remarks on measure. (CR H2893-2894)'}",3962,House,Resources for Victims of Gun Violence Act of 2023,HR,2023-07-28,2023-07-28T19:44:18Z
"{'actionDate': '2023-06-13', 'text': 'Read twice and referred to the Committee on Finance.'}",1949,Senate,Why Does the IRS Need Guns Act,S,2023-08-07,2023-08-07T15:30:29Z
"{'actionDate': '2023-06-13', 'text': 'Referred to the House Committee on the Judiciary.'}",4074,House,3D Printed Gun Safety Act of 2023,HR,2023-07-28,2023-07-28T20:11:57Z
"{'actionDate': '2023-06-09', 'text': 'Referred to the House Committee on the Judiciary.'}",3993,House,"To provide a private right of action against the maker of any component of a ghost gun, and any person who facilitated a sale of the ghost gun, for injury or death resulting from the use of the ghost gun.",HR,2023-07-28,2023-07-28T20:11:51Z
"{'actionDate': '2023-06-08', 'text': 'Read twice and referred to the Committee on the Judiciary.'}",1893,Senate,Resources for Victims of Gun Violence Act of 2023,S,2023-07-28,2023-07-28T20:16:39Z
"{'actionDate': '2023-06-07', 'text': 'Referred to the House Committee on the Judiciary.'}",3931,House,Angellyh Yambo Gun Free Zone Expansion Act of 2023,HR,2023-07-28,2023-07-28T20:11:44Z
"{'actionDate': '2023-06-06', 'text': 'Read twice and referred to the Committee on the Judiciary.'}",1826,Senate,Keeping Gun Dealers Honest Act of 2023,S,2023-07-28,2023-07-28T20:16:33Z
"{'actionDate': '2023-06-06', 'text': 'Read twice and referred to the Committee on Banking, Housing, and Urban Affairs.'}",1825,Senate,Gun Violence Prevention Through Financial Intelligence Act,S,2023-07-28,2023-07-28T20:16:33Z
"{'actionDate': '2023-06-06', 'text': 'Read twice and referred to the Committee on the Judiciary.'}",1819,Senate,3D Printed Gun Safety Act of 2023,S,2023-07-28,2023-07-28T20:16:33Z
"{'actionDate': '2023-06-06', 'text': 'Referred to the House Committee on the Judiciary.'}",3863,House,Keeping Gun Dealers Honest Act of 2023,HR,2023-07-28,2023-07-28T20:11:39Z
"{'actionDate': '2023-06-01', 'text': 'Read twice and referred to the Committee on Armed Services.'}",1794,Senate,"A bill to waive time limitations in order to allow the Medal of Honor to be awarded to Gary Lee McKiddy, of Miamisburg, Ohio, for acts of valor while a helicopter crew chief and door gunner with the 1st Calvary Division during the Vietnam War.",S,2023-07-28,2023-07-28T20:16:31Z
"{'actionDate': '2023-06-01', 'text': 'Referred to the Committee on the Judiciary. (text: CR S1901)'}",231,Senate,"A resolution expressing support for the designation of June 2, 2023, as ""National Gun Violence Awareness Day"" and June 2023 as ""National Gun Violence Awareness Month"".",SRES,2023-07-28,2023-07-28T20:13:40Z
"{'actionDate': '2023-05-31', 'text': 'Referred to the House Committee on the Judiciary.'}",459,House,"Expressing support for the designation of June 2, 2023, as ""National Gun Violence Awareness Day"" and June 2023 as ""National Gun Violence Awareness Month"".",HRES,2023-07-28,2023-07-28T20:05:06Z
"{'actionDate': '2023-05-25', 'text': 'Referred to the Committee on the Judiciary, and in addition to the Committee on Education and the Workforce, for a period to be subsequently determined by the Speaker, in each case for consideration of such provisions as fall within the jurisdiction of the committee concerned.'}",3687,House,Protect Children Through Safe Gun Ownership Act,HR,2023-07-28,2023-07-28T19:44:18Z
"{'actionDate': '2023-05-18', 'text': 'Read twice and referred to the Committee on Homeland Security and Governmental Affairs.'}",1680,Senate,Gun Owner Registration Information Protection Act,S,2023-07-28,2023-07-28T20:16:23Z
"{'actionDate': '2023-05-18', 'text': 'Referred to the House Committee on the Judiciary.'}",3492,House,Gun Owner Registration Information Protection Act,HR,2023-07-28,2023-07-28T20:11:06Z
"{'actionDate': '2023-05-09', 'text': 'Referred to the House Committee on the Judiciary.'}",3155,House,Protecting the Second Amendment through Responsible Gun Ownership Act,HR,2023-07-28,2023-07-28T20:10:37Z
"{'actionDate': '2023-05-05', 'text': 'Referred to the Subcommittee on Health.'}",348,House,Declaring gun violence a public health crisis.,HRES,2023-08-05,2023-08-05T07:15:23Z
"{'actionDate': '2023-05-05', 'text': 'Referred to the House Committee on the Judiciary.'}",3122,House,Gun Show Loophole Closing Act of 2023,HR,2023-07-28,2023-07-28T20:10:35Z
"{'actionDate': '2023-04-27', 'text': 'Referred to the House Committee on Oversight and Accountability.'}",335,House,"Condemning the horrific shootings that occurred in Louisville, Kentucky, on April 10, 2023, in the Old National Bank building, and on April 15, 2023, in Chickasaw Park, honoring the memory of the victims of the attacks, expressing condolences and support to all those impacted by these tragedies, and reaffirming the commitment of the House of Representatives to support all victims of gun violence.",HRES,2023-07-28,2023-07-28T20:04:54Z
"{'actionDate': '2023-04-26', 'text': 'Referred to the House Committee on the Judiciary.'}",2897,House,End Gun Violence Act of 2023,HR,2023-08-05,2023-08-05T07:15:32Z
"{'actionDate': '2023-04-17', 'text': 'Sponsor introductory remarks on measure. (CR H1749-1750)'}",292,House,"Condemning the expulsion of two Black, duly elected Tennessee Representatives as a blatant act of racism and an attack on the democracy of the United States and observing that the Tennessee House of Representatives preferred to take this action of expulsion rather than to act on gun control measures to protect children.",HRES,2023-07-28,2023-07-28T19:44:18Z
"{'actionDate': '2023-04-07', 'text': 'Referred to the Subcommittee on Health.'}",2390,House,Gun Violence Prevention Research Act of 2023,HR,2023-07-28,2023-07-28T19:44:18Z
"{'actionDate': '2023-03-30', 'text': 'Referred to the House Committee on the Judiciary.'}",2418,House,Gun Trafficker Detection Act,HR,2023-07-28,2023-07-28T20:09:28Z
"{'actionDate': '2023-03-29', 'text': 'Read twice and referred to the Committee on Health, Education, Labor, and Pensions.'}",1026,Senate,Gun Violence Prevention Research Act of 2023,S,2023-07-28,2023-07-28T20:15:31Z
"{'actionDate': '2023-03-29', 'text': 'Referred to the House Committee on the Judiciary.'}",2392,House,Pause for Gun Safety Act,HR,2023-07-28,2023-07-28T20:09:25Z
"{'actionDate': '2023-03-22', 'text': 'Read twice and referred to the Committee on the Judiciary.'}",951,Senate,Office of Gun Violence Prevention Act of 2023,S,2023-07-28,2023-07-28T20:15:26Z
"{'actionDate': '2023-03-22', 'text': 'Referred to the House Committee on the Judiciary.'}",1699,House,Office of Gun Violence Prevention Act of 2023,HR,2023-07-28,2023-07-28T20:08:33Z
"{'actionDate': '2023-03-10', 'text': 'Referred to the Subcommittee on Innovation, Data, and Commerce.'}",1258,House,Protecting Gun Rights and Due Process Act,HR,2023-07-28,2023-07-28T19:44:18Z
"{'actionDate': '2023-03-09', 'text': 'Read twice and referred to the Committee on the Judiciary.'}",741,Senate,Traveler's Gun Rights Act,S,2023-07-28,2023-07-28T20:15:03Z
"{'actionDate': '2023-03-09', 'text': 'Referred to the House Committee on the Judiciary.'}",1508,House,Traveler’s Gun Rights Act,HR,2023-07-28,2023-07-28T20:08:13Z
"{'actionDate': '2023-03-03', 'text': 'Referred to the House Committee on the Judiciary.'}",1361,House,Safer Neighborhoods Gun Buyback Act of 2023,HR,2023-07-28,2023-07-28T20:07:59Z
"{'actionDate': '2023-03-01', 'text': 'Read twice and referred to the Committee on the Judiciary.'}",598,Senate,Gun Records Restoration and Preservation Act,S,2023-07-28,2023-07-28T20:14:51Z
"{'actionDate': '2023-03-01', 'text': 'Referred to the House Committee on the Judiciary.'}",1271,House,No Retaining Every Gun In a System That Restricts Your Rights Act,HR,2023-07-28,2023-07-28T20:07:48Z
"{'actionDate': '2023-03-01', 'text': 'Referred to the House Committee on the Judiciary.'}",1302,House,Gun Records Restoration and Preservation Act,HR,2023-07-28,2023-07-28T20:07:51Z
"{'actionDate': '2023-02-21', 'text': 'Referred to the House Committee on the Judiciary.'}",1145,House,"Safe Guns, Safe Kids Act",HR,2023-07-28,2023-07-28T20:07:35Z
"{'actionDate': '2023-02-17', 'text': 'Referred to the House Committee on Oversight and Accountability.'}",1095,House,AR–15 National Gun Act,HR,2023-07-28,2023-07-28T20:07:30Z
"{'actionDate': '2023-02-09', 'text': 'Referred to the House Committee on the Judiciary.'}",962,House,Protecting Gun Owners in Bankruptcy Act of 2023,HR,2023-07-28,2023-07-28T20:07:19Z
"{'actionDate': '2023-02-06', 'text': 'Referred to the House Committee on the Judiciary.'}",850,House,"To direct the Attorney General to conduct a study on the efficacy of extreme risk protection orders on reducing gun violence, and for other purposes.",HR,2023-07-28,2023-07-28T20:07:07Z
"{'actionDate': '2023-02-02', 'text': 'Read twice and referred to the Committee on Commerce, Science, and Transportation.'}",252,Senate,Protecting Kids from Gun Marketing Act,S,2023-07-28,2023-07-28T20:14:23Z
"{'actionDate': '2023-02-01', 'text': 'Read twice and referred to the Committee on the Judiciary. (Sponsor introductory remarks on measure: CR S205)'}",203,Senate,Crime Gun Tracing Modernization Act of 2023,S,2023-07-28,2023-07-28T19:44:18Z
"{'actionDate': '2023-02-01', 'text': 'Referred to the House Committee on the Judiciary.'}",730,House,Crime Gun Tracing Modernization Act of 2023,HR,2023-07-28,2023-07-28T20:06:54Z
"{'actionDate': '2023-01-30', 'text': 'Referred to the House Committee on the Judiciary.'}",641,House,For the relief of Reverend Olusegun Samson Olaoye.,HR,2023-07-28,2023-07-28T20:06:47Z
"{'actionDate': '2023-01-26', 'text': 'Read twice and referred to the Committee on the Judiciary.'}",117,Senate,Handgun Permit to Purchase Act,S,2023-07-28,2023-07-28T20:14:07Z
"{'actionDate': '2023-01-26', 'text': 'Referred to the House Committee on the Judiciary.'}",569,House,Handgun Permit to Purchase Act,HR,2023-07-28,2023-07-28T20:06:41Z
"{'actionDate': '2023-01-17', 'text': 'Referred to the Committee on Ways and Means, and in addition to the Committee on the Judiciary, for a period to be subsequently determined by the Speaker, in each case for consideration of such provisions as fall within the jurisdiction of the committee concerned.'}",385,House,No User Fees for Gun Owners Act,HR,2023-07-28,2023-07-28T20:06:24Z
"{'actionDate': '2023-01-09', 'text': 'Referred to the House Committee on the Judiciary.'}",48,House,Gun Violence Reduction Resources Act of 2023,HR,2023-07-28,2023-07-28T20:05:50Z
"{'actionDate': '2023-01-09', 'text': 'Referred to the Committee on Energy and Commerce, and in addition to the Committee on the Judiciary, for a period to be subsequently determined by the Speaker, in each case for consideration of such provisions as fall within the jurisdiction of the committee concerned.'}",46,House,Mental Health Access and Gun Violence Prevention Act of 2023,HR,2023-07-28,2023-07-28T20:05:50Z
"{'actionDate': '2022-12-20', 'text': 'Referred to the Committee on the Judiciary, and in addition to the Committees on Ways and Means, and Energy and Commerce, for a period to be subsequently determined by the Speaker, in each case for consideration of such provisions as fall within the jurisdiction of the committee concerned.'}",9624,House,Gun Violence Prevention and Community Safety Act of 2022,HR,2023-02-09,2023-02-09T15:15:32Z
"{'actionDate': '2022-12-19', 'text': 'Read twice and referred to the Committee on Finance.'}",5299,Senate,Gun Violence Prevention and Community Safety Act of 2022,S,2023-02-09,2023-02-09T15:15:33Z
"{'actionDate': '2022-12-13', 'text': 'Placed on the House Calendar, Calendar No. 164.'}",1478,House,"Calling for the submission to the House of Representatives of certain information regarding the decision of the President of the United States to institute the ""Ghost Gun"" Rule.",HRES,2023-03-08,2023-03-08T19:59:14Z
"{'actionDate': '2022-12-12', 'text': 'Placed on the House Calendar, Calendar No. 160.'}",1479,House,"Of inquiry requesting the President transmit certain documents in his possession to the House of Representatives relating to the surveillance or monitoring of pro-gun, pro-life, or conservative groups under the Internet Covert Operations Program operated by the United States Postal Inspection Service.",HRES,2023-08-04,2023-08-04T12:45:19Z
"{'actionDate': '2022-11-16', 'text': 'Committee on Indian Affairs. Hearings held.'}",4898,Senate,Pueblos of Acoma and Laguna Water Rights Settlement Act of 2022,S,2023-01-05,2023-01-05T05:16:31Z
"{'actionDate': '2022-11-01', 'text': 'Referred to the Subcommittee on Crime, Terrorism, and Homeland Security.'}",1144,House,"Expressing support for the designation of June 3, 2022, as ""National Gun Violence Awareness Day"" and June 2022 as ""National Gun Violence Awareness Month"".",HRES,2022-12-29,2022-12-29T16:33:53Z
"{'actionDate': '2022-11-01', 'text': 'Referred to the Subcommittee on Crime, Terrorism, and Homeland Security.'}",7544,House,"To provide a private right of action against the maker of any component of a ghost gun, and any person who facilitated a sale of the ghost gun, for injury or death resulting from the use of the ghost gun.",HR,2022-12-29,2022-12-29T23:18:23Z
"{'actionDate': '2022-11-01', 'text': 'Referred to the Subcommittee on Antitrust, Commercial, and Administrative Law.'}",7493,House,Protecting Gun Owners in Bankruptcy Act of 2022,HR,2022-12-29,2022-12-29T23:03:23Z
"{'actionDate': '2022-11-01', 'text': 'Referred to the Subcommittee on Crime, Terrorism, and Homeland Security.'}",7466,House,Traveler's Gun Rights Act,HR,2022-12-29,2022-12-29T23:03:24Z
"{'actionDate': '2022-11-01', 'text': 'Referred to the Subcommittee on Crime, Terrorism, and Homeland Security.'}",7366,House,No User Fees for Gun Owners Act,HR,2022-12-29,2022-12-29T23:03:27Z
"{'actionDate': '2022-11-01', 'text': 'Referred to the Subcommittee on Crime, Terrorism, and Homeland Security.'}",437,House,"Expressing support for the designation of June 4, 2021, as ""National Gun Violence Awareness Day"" and June 2021 as ""National Gun Violence Awareness Month"".",HRES,2023-01-11,2023-01-11T13:49:26Z
"{'actionDate': '2022-11-01', 'text': 'Referred to the Subcommittee on Crime, Terrorism, and Homeland Security.'}",3536,House,Crime Gun Tracing Modernization Act of 2021,HR,2023-01-11,2023-01-11T13:49:33Z
"{'actionDate': '2022-11-01', 'text': 'Referred to the Subcommittee on Crime, Terrorism, and Homeland Security.'}",6950,House,No Gun Lists Act of 2022,HR,2023-08-08,2023-08-08T15:30:25Z
"{'actionDate': '2022-11-01', 'text': 'Referred to the Subcommittee on Crime, Terrorism, and Homeland Security.'}",6945,House,No Retaining Every Gun In a System That Restricts Your Rights Act,HR,2022-12-29,2022-12-29T21:48:15Z
"{'actionDate': '2022-11-01', 'text': 'Referred to the Subcommittee on Crime, Terrorism, and Homeland Security.'}",5245,House,Gun Trafficker Detection Act,HR,2023-08-03,2023-08-03T14:45:22Z
"{'actionDate': '2022-11-01', 'text': 'Referred to the Subcommittee on Crime, Terrorism, and Homeland Security.'}",6817,House,No Backdoor Gun Control Act of 2022,HR,2022-12-30,2022-12-30T04:33:55Z
"{'actionDate': '2022-11-01', 'text': 'Referred to the Subcommittee on Crime, Terrorism, and Homeland Security.'}",6717,House,Preventing Pretrial Gun Purchases Act,HR,2023-08-07,2023-08-07T16:00:29Z
"{'actionDate': '2022-11-01', 'text': 'Referred to the Subcommittee on Immigration and Citizenship.'}",6652,House,For the relief of Reverend Olusegun Samson Olaoye.,HR,2023-07-07,2023-07-07T17:00:24Z
"{'actionDate': '2022-11-01', 'text': 'Referred to the Subcommittee on Crime, Terrorism, and Homeland Security.'}",6639,House,Protect Children Through Safe Gun Ownership Act,HR,2022-12-30,2022-12-30T04:18:58Z
"{'actionDate': '2022-11-01', 'text': 'Referred to the Subcommittee on Crime, Terrorism, and Homeland Security.'}",6575,House,Protecting Americans from Gun Violence Act of 2022,HR,2022-12-30,2022-12-30T04:18:59Z
"{'actionDate': '2022-11-01', 'text': 'Referred to the Subcommittee on Crime, Terrorism, and Homeland Security.'}",6370,House,"Safe Guns, Safe Kids Act",HR,2023-05-22,2023-05-22T19:30:29Z
"{'actionDate': '2022-11-01', 'text': 'Referred to the Subcommittee on Crime, Terrorism, and Homeland Security.'}",4804,House,Unlawful Gun Buyer Alert Act,HR,2022-12-31,2022-12-31T05:04:31Z
"{'actionDate': '2022-11-01', 'text': 'Referred to the Subcommittee on Crime, Terrorism, and Homeland Security.'}",4423,House,Gun Theft Prevention Act,HR,2023-03-08,2023-03-08T19:58:55Z
"{'actionDate': '2022-11-01', 'text': 'Referred to the Subcommittee on Crime, Terrorism, and Homeland Security.'}",4271,House,Keeping Gun Dealers Honest Act of 2021,HR,2022-12-31,2022-12-31T04:58:14Z
"{'actionDate': '2022-11-01', 'text': 'Referred to the Subcommittee on Crime, Terrorism, and Homeland Security.'}",4225,House,3D Printed Gun Safety Act of 2021,HR,2022-12-31,2022-12-31T04:58:27Z
"{'actionDate': '2022-11-01', 'text': 'Referred to the Subcommittee on Crime, Terrorism, and Homeland Security.'}",9001,House,Reduce Gun Violence Act of 2022,HR,2022-12-29,2022-12-29T12:33:45Z
"{'actionDate': '2022-11-01', 'text': 'Referred to the Subcommittee on Crime, Terrorism, and Homeland Security.'}",8957,House,Gun Violence Prevention and Safe Communities Act of 2022,HR,2022-12-29,2022-12-29T12:33:46Z
"{'actionDate': '2022-11-01', 'text': 'Referred to the Subcommittee on Crime, Terrorism, and Homeland Security.'}",5878,House,End Gun Violence Act of 2021,HR,2023-08-03,2023-08-03T18:15:21Z
"{'actionDate': '2022-11-01', 'text': 'Referred to the Subcommittee on Crime, Terrorism, and Homeland Security.'}",3740,House,Handgun Licensing and Registration Act of 2021,HR,2022-12-30,2022-12-30T17:32:55Z
"{'actionDate': '2022-11-01', 'text': 'Referred to the Subcommittee on Crime, Terrorism, and Homeland Security.'}",8534,House,Responsible Gun Ownership Licensing Act,HR,2022-12-29,2022-12-29T18:18:43Z
"{'actionDate': '2022-11-01', 'text': 'Referred to the Subcommittee on Crime, Terrorism, and Homeland Security.'}",8278,House,"To direct the Attorney General to conduct a study on the efficacy of extreme risk protection orders on reducing gun violence, and for other purposes.",HR,2023-04-24,2023-04-24T20:00:26Z
"{'actionDate': '2022-10-26', 'text': 'Referred to the Subcommittee on Health.'}",9227,House,Local Gun Violence Reduction Act,HR,2023-07-31,2023-07-31T12:45:19Z
"{'actionDate': '2022-09-20', 'text': 'Referred to the House Committee on Natural Resources.'}",8920,House,Pueblos of Acoma and Laguna Water Rights Settlement Act of 2022,HR,2023-01-19,2023-01-19T13:45:30Z
"{'actionDate': '2022-07-26', 'text': 'Placed on the Union Calendar, Calendar No. 340.'}",2814,House,Equal Access to Justice for Victims of Gun Violence Act of 2022,HR,2023-03-08,2023-03-08T20:11:56Z
"{'actionDate': '2022-06-21', 'text': 'Referred to the House Committee on Energy and Commerce.'}",1192,House,"Expressing support for the designation of June 21, 2022, as National ASK (Asking Saves Kids) Day to promote children's health and safe storage of guns in the home.",HRES,2022-12-29,2022-12-29T17:33:54Z
"{'actionDate': '2022-06-09', 'text': 'Read twice and referred to the Committee on the Judiciary.'}",4376,Senate,Stop Gun Criminals Act,S,2022-12-29,2022-12-29T17:33:52Z
"{'actionDate': '2022-06-09', 'text': 'Referred to the House Committee on Energy and Commerce.'}",1165,House,Declaring gun violence a public health crisis.,HRES,2022-12-29,2022-12-29T17:33:55Z
"{'actionDate': '2022-06-08', 'actionTime': '14:34:55', 'text': 'Motion to reconsider laid on the table Agreed to without objection.'}",1153,House,"Providing for consideration of the bill (H.R. 2377) to authorize the issuance of extreme risk protection orders; providing for consideration of the bill (H.R. 7910) to amend title 18, United States Code, to provide for an increased age limit on the purchase of certain firearms, prevent gun trafficking, modernize the prohibition on untraceable firearms, encourage the safe storage of firearms, and for other purposes; and for other purposes.",HRES,2023-03-08,2023-03-08T20:26:42Z
"{'actionDate': '2022-05-26', 'text': 'Referred to the Committee on the Judiciary. (text: CR S2755-2756)'}",651,Senate,"A resolution expressing support for the designation of June 3, 2022, as ""National Gun Violence Awareness Day"" and June 2022 as ""National Gun Violence Awareness Month"".",SRES,2022-12-29,2022-12-29T17:03:54Z
"{'actionDate': '2022-05-17', 'text': 'Read twice and referred to the Committee on the Judiciary.'}",4238,Senate,Hadiya Pendleton and Nyasia Pryear-Yard Gun Trafficking and Crime Prevention Act of 2022,S,2022-12-29,2022-12-29T16:48:36Z
"{'actionDate': '2022-05-05', 'text': 'Read twice and referred to the Committee on the Judiciary.'}",4149,Senate,Preventing Pretrial Gun Purchases Act,S,2022-12-29,2022-12-29T16:33:52Z
"{'actionDate': '2022-04-07', 'text': 'Read twice and referred to the Committee on the Judiciary.'}",4029,Senate,Traveler's Gun Rights Act,S,2022-12-29,2022-12-29T23:48:37Z
"{'actionDate': '2021-11-09', 'text': 'Referred to the Subcommittee on the Constitution, Civil Rights, and Civil Liberties.'}",388,House,Expressing the sense of the House of Representatives that President Biden's gun policies are unconstitutional and should never be approved.,HRES,2023-01-11,2023-01-11T13:49:28Z
"{'actionDate': '2021-10-28', 'text': 'Read twice and referred to the Committee on Banking, Housing, and Urban Affairs.'}",3117,Senate,Gun Violence Prevention Through Financial Intelligence Act,S,2023-01-01,2023-01-01T23:48:25Z
"{'actionDate': '2021-10-28', 'text': 'Referred to the House Committee on Financial Services.'}",5764,House,Gun Violence Prevention Through Financial Intelligence Act,HR,2023-03-08,2023-03-08T19:58:39Z
"{'actionDate': '2021-10-19', 'text': 'Referred to the Subcommittee on Crime, Terrorism, and Homeland Security.'}",2282,House,Gun Records Restoration and Preservation Act,HR,2023-01-11,2023-01-11T13:47:59Z
"{'actionDate': '2021-10-19', 'text': 'Referred to the Subcommittee on Crime, Terrorism, and Homeland Security.'}",2280,House,Prevent Gun Trafficking Act,HR,2023-01-11,2023-01-11T13:47:59Z
"{'actionDate': '2021-10-19', 'text': 'Referred to the Subcommittee on Crime, Terrorism, and Homeland Security.'}",2707,House,Handgun Purchaser Licensing Act,HR,2023-01-11,2023-01-11T13:48:40Z
"{'actionDate': '2021-10-01', 'text': 'Referred to the Subcommittee on Consumer Protection and Commerce.'}",5436,House,Gun Suicide Prevention Act,HR,2022-12-31,2022-12-31T05:36:27Z
"{'actionDate': '2021-09-20', 'text': 'Referred to the Subcommittee on Health.'}",5273,House,Gun Safety Board and Research Act,HR,2023-05-11,2023-05-11T15:45:15Z
"{'actionDate': '2021-07-13', 'text': 'Read twice and referred to the Committee on the Judiciary.'}",2319,Senate,3D Printed Gun Safety Act of 2021,S,2023-03-08,2023-03-08T20:12:35Z
"{'actionDate': '2021-07-13', 'text': 'Read twice and referred to the Committee on the Judiciary.'}",2320,Senate,Keeping Gun Dealers Honest Act of 2021,S,2023-01-01,2023-01-01T23:43:55Z
"{'actionDate': '2021-05-26', 'text': 'Referred to the Committee on the Judiciary.'}",242,Senate,"A resolution expressing support for the designation of June 4, 2021, as ""National Gun Violence Awareness Day"" and June 2021 as ""National Gun Violence Awareness Month"".",SRES,2022-12-30,2022-12-30T21:30:39Z
"{'actionDate': '2021-05-26', 'text': 'Referred to the Subcommittee on Consumer Protection and Commerce.'}",3509,House,Safe Gun Storage Act of 2021,HR,2023-03-08,2023-03-08T20:11:48Z
"{'actionDate': '2021-05-25', 'text': 'Read twice and referred to the Committee on Commerce, Science, and Transportation.'}",1825,Senate,Safe Gun Storage Act of 2021,S,2023-02-09,2023-02-09T15:15:32Z
"{'actionDate': '2021-05-25', 'text': 'Read twice and referred to the Committee on the Judiciary.'}",1801,Senate,Crime Gun Tracing Modernization Act of 2021,S,2023-01-11,2023-01-11T13:50:03Z
"{'actionDate': '2021-05-18', 'text': 'Referred to the Subcommittee on Crime, Terrorism, and Homeland Security.'}",1827,House,Gun Owner Registration Information Protection Act,HR,2023-01-11,2023-01-11T13:48:18Z
"{'actionDate': '2021-05-18', 'text': 'Referred to the Subcommittee on Crime, Terrorism, and Homeland Security.'}",1642,House,Prosecuting Gun Crimes Saves Lives Act,HR,2023-01-11,2023-01-11T13:48:25Z
"{'actionDate': '2021-05-18', 'text': 'Referred to the Subcommittee on Crime, Terrorism, and Homeland Security.'}",1576,House,National Gun Violence Research Act,HR,2023-01-11,2023-01-11T13:46:21Z
"{'actionDate': '2021-05-18', 'text': 'Referred to the Subcommittee on Crime, Terrorism, and Homeland Security.'}",1560,House,Resources for Victims of Gun Violence Act of 2021,HR,2023-01-11,2023-01-11T13:46:22Z
"{'actionDate': '2021-05-12', 'text': 'Referred to the House Committee on the Judiciary.'}",3159,House,Safer Neighborhoods Gun Buyback Act of 2021,HR,2023-06-08,2023-06-08T19:45:25Z
"{'actionDate': '2021-04-28', 'text': 'Referred to the Subcommittee on Crime, Terrorism, and Homeland Security.'}",1454,House,Ghost Guns Are Guns Act,HR,2023-01-11,2023-01-11T13:46:26Z
"{'actionDate': '2021-04-28', 'text': 'Referred to the Subcommittee on Crime, Terrorism, and Homeland Security.'}",1441,House,No Guns for Abusers Act of 2021,HR,2023-01-11,2023-01-11T13:47:01Z
"{'actionDate': '2021-04-28', 'text': 'Referred to the Subcommittee on Crime, Terrorism, and Homeland Security.'}",1132,House,Gun Owner Privacy Act,HR,2023-03-09,2023-03-09T17:47:48Z
"{'actionDate': '2021-04-23', 'text': 'Referred to the Subcommittee on Crime, Terrorism, and Homeland Security.'}",1008,House,Handgun Trigger Safety Act of 2021,HR,2023-01-11,2023-01-11T13:47:25Z
"{'actionDate': '2021-04-23', 'text': 'Referred to the Subcommittee on Crime, Terrorism, and Homeland Security.'}",1007,House,Hadiya Pendleton and Nyasia Pryear-Yard Gun Trafficking and Crime Prevention Act of 2021,HR,2023-01-11,2023-01-11T13:47:26Z
"{'actionDate': '2021-04-23', 'text': 'Referred to the Subcommittee on Crime, Terrorism, and Homeland Security.'}",1006,House,Gun Show Loophole Closing Act of 2021,HR,2023-01-11,2023-01-11T13:47:26Z
"{'actionDate': '2021-04-23', 'text': 'Referred to the Subcommittee on Crime, Terrorism, and Homeland Security.'}",882,House,Keeping Guns from High-Risk Individuals Act,HR,2023-01-11,2023-01-11T13:46:51Z
"{'actionDate': '2021-04-22', 'text': 'Read twice and referred to the Committee on the Judiciary.'}",1338,Senate,Equal Access to Justice for Victims of Gun Violence Act,S,2023-01-11,2023-01-11T13:49:12Z
"{'actionDate': '2021-04-15', 'text': 'Read twice and referred to the Committee on the Judiciary. (Sponsor introductory remarks on measure: CR S1985)'}",1155,Senate,Virginia Plan to Reduce Gun Violence Act of 2021,S,2023-01-11,2023-01-11T13:49:20Z
"{'actionDate': '2021-03-25', 'text': 'Read twice and referred to the Committee on the Judiciary.'}",974,Senate,Gun Records Restoration and Preservation Act,S,2023-01-11,2023-01-11T13:47:34Z
"{'actionDate': '2021-03-16', 'text': 'Read twice and referred to the Committee on the Judiciary.'}",770,Senate,Handgun Purchaser Licensing Act,S,2023-01-11,2023-01-11T13:47:41Z
"{'actionDate': '2021-03-11', 'text': 'Read twice and referred to the Committee on Homeland Security and Governmental Affairs.'}",702,Senate,Gun Owner Registration Information Protection Act,S,2023-01-11,2023-01-11T13:47:44Z
"{'actionDate': '2021-03-04', 'text': 'Referred to the Subcommittee on Crime, Terrorism, and Homeland Security.'}",167,House,To prohibit the transfer of a firearm at a gun show by a person who is not a federally licensed firearms dealer.,HR,2023-01-11,2023-01-11T13:43:41Z
"{'actionDate': '2021-03-03', 'text': 'Read twice and referred to the Committee on the Judiciary.'}",556,Senate,Resources for Victims of Gun Violence Act of 2021,S,2023-01-11,2023-01-11T13:47:49Z
"{'actionDate': '2021-03-01', 'text': 'Referred to the Subcommittee on Crime, Terrorism, and Homeland Security.'}",137,House,Mental Health Access and Gun Violence Prevention Act of 2021,HR,2023-01-11,2023-01-11T13:43:42Z
"{'actionDate': '2021-03-01', 'text': 'Referred to the Subcommittee on Crime, Terrorism, and Homeland Security.'}",125,House,Gun Safety: Not Sorry Act of 2021,HR,2023-01-11,2023-01-11T13:43:43Z
"{'actionDate': '2021-03-01', 'text': 'Referred to the Subcommittee on Crime, Terrorism, and Homeland Security.'}",121,House,Gun Violence Reduction Resources Act of 2021,HR,2023-01-11,2023-01-11T13:43:43Z
"{'actionDate': '2021-03-01', 'text': 'Referred to the Subcommittee on Crime, Terrorism, and Homeland Security.'}",30,House,Gun Trafficking Prohibition Act,HR,2023-03-08,2023-03-08T19:59:18Z
"{'actionDate': '2021-02-08', 'text': 'Read twice and referred to the Committee on Health, Education, Labor, and Pensions.'}",281,Senate,Gun Violence Prevention Research Act of 2021,S,2023-01-11,2023-01-11T13:46:37Z
"{'actionDate': '2021-02-08', 'text': 'Referred to the Subcommittee on Health.'}",881,House,To require the Surgeon General of the Public Health Service to submit to Congress an annual report on the effects of gun violence on public health.,HR,2023-01-11,2023-01-11T13:46:51Z
"{'actionDate': '2021-02-05', 'text': 'Referred to the Subcommittee on Health.'}",825,House,Gun Violence Prevention Research Act of 2021,HR,2023-01-11,2023-01-11T13:46:53Z
"{'actionDate': '2021-02-04', 'text': 'Referred to the Subcommittee on Economic Development, Public Buildings, and Emergency Management.'}",545,House,No Congressional Gun Loophole Act,HR,2023-01-11,2023-01-11T13:43:26Z
"{'actionDate': '2020-12-29', 'text': 'Referred to the Subcommittee on Economic Development, Public Buildings, and Emergency Management.'}",9053,House,No Congressional Gun Loophole Act,HR,2023-01-11,2023-01-11T13:43:56Z
"{'actionDate': '2020-11-27', 'text': 'Referred to the House Committee on the Judiciary.'}",8821,House,Keeping Guns From Criminals Act,HR,2023-01-11,2023-01-11T13:44:14Z
"{'actionDate': '2020-07-22', 'text': 'Read twice and referred to the Committee on the Judiciary.'}",4271,Senate,Virginia Plan to Reduce Gun Violence Act of 2020,S,2023-01-11,2023-01-11T13:45:37Z
"{'actionDate': '2020-07-01', 'text': 'Referred to the House Committee on the Judiciary.'}",7468,House,Stop Home Manufacture of Ghost Guns Act of 2020,HR,2023-01-11,2023-01-11T13:46:02Z
"{'actionDate': '2020-06-23', 'text': 'Referred to the Committee on the Judiciary. (text: CR S3159)'}",40,Senate,A concurrent resolution expressing the sense of Congress that undue restrictions on the right of law-abiding gun owners to carry a firearm for self-defense outside of the home violate the Second Amendment to the Constitution of the United States.,SCONRES,2023-01-11,2023-01-11T13:46:06Z
"{'actionDate': '2020-06-23', 'text': 'Read twice and referred to the Committee on the Judiciary.'}",4040,Senate,Gun Owner Privacy Act,S,2023-01-11,2023-01-11T13:46:10Z
"{'actionDate': '2020-06-04', 'text': 'Referred to the House Committee on the Judiciary.'}",993,House,"Expressing support for the designation of June 2020 as ""National Gun Violence Awareness Month"", and calling on Congress to address gun violence.",HRES,2023-01-11,2023-01-11T13:46:20Z
"{'actionDate': '2020-05-22', 'text': 'Referred to the House Committee on the Judiciary.'}",977,House,"Expressing support for the designation of June 5, 2020, as ""National Gun Violence Awareness Day"" and June 2020 as ""National Gun Violence Awareness Month"".",HRES,2023-01-11,2023-01-11T13:42:46Z
"{'actionDate': '2020-05-20', 'text': 'Referred to the Committee on the Judiciary. (text: CR S2556)'}",592,Senate,"A resolution expressing support for the designation of June 5, 2020, as ""National Gun Violence Awareness Day"" and June 2020 as ""National Gun Violence Awareness Month"".",SRES,2023-01-03,2023-01-03T13:09:59Z
"{'actionDate': '2020-03-10', 'text': 'Referred to the Subcommittee on Crime, Terrorism, and Homeland Security.'}",5917,House,Gun Records Restoration and Preservation Act,HR,2022-02-08,2022-02-08T23:15:48Z
"{'actionDate': '2020-03-10', 'text': 'Referred to the Subcommittee on Crime, Terrorism, and Homeland Security.'}",5866,House,Gun Trafficker Detection Act,HR,2022-02-08,2022-02-08T23:17:43Z
"{'actionDate': '2020-03-10', 'text': 'Referred to the Subcommittee on Crime, Terrorism, and Homeland Security.'}",5836,House,Prosecuting Gun Crimes Saves Lives Act,HR,2022-02-09,2022-02-09T01:42:31Z
"{'actionDate': '2020-03-10', 'text': 'Referred to the Subcommittee on Crime, Terrorism, and Homeland Security.'}",5717,House,Gun Violence Prevention and Community Safety Act of 2020,HR,2022-07-25,2022-07-25T16:27:14Z
"{'actionDate': '2020-02-27', 'text': 'Read twice and referred to the Committee on the Judiciary.'}",3348,Senate,Crime Gun Tracing Modernization Act of 2020,S,2022-02-09,2022-02-09T00:29:00Z
"{'actionDate': '2020-02-27', 'text': 'Referred to the House Committee on the Judiciary.'}",6006,House,Crime Gun Tracing Modernization Act of 2020,HR,2022-02-08,2022-02-08T23:54:43Z
"{'actionDate': '2020-02-05', 'text': 'Read twice and referred to the Committee on Finance.'}",3254,Senate,Gun Violence Prevention and Community Safety Act of 2020,S,2022-07-25,2022-07-25T16:27:14Z
"{'actionDate': '2020-01-30', 'text': 'Referred to the Subcommittee on Crime, Terrorism, and Homeland Security.'}",5385,House,"To amend the Omnibus Crime Control and Safe Streets Act of 1968 to authorize the Attorney General to make grants to States and units of local government to deploy and implement gunfire detection and location technology, and for other purposes.",HR,2022-10-28,2022-10-28T01:46:00Z
"{'actionDate': '2019-12-19', 'text': 'Referred to the Subcommittee on Crime, Terrorism, and Homeland Security.'}",5181,House,"To amend the Omnibus Crime Control and Safe Streets Act of 1968 to authorize the Attorney General to make grants to States and units of local government to deploy and implement gunfire detection and location technology, and for other purposes.",HR,2022-10-28,2022-10-28T02:00:27Z
"{'actionDate': '2019-12-17', 'text': 'Read twice and referred to the Committee on Commerce, Science, and Transportation.'}",3065,Senate,Safe Gun Storage Act of 2019,S,2022-10-28,2022-10-28T01:45:53Z
"{'actionDate': '2019-11-15', 'text': 'Referred to the Subcommittee on Crime, Terrorism, and Homeland Security.'}",4784,House,"To require the National Institute of Justice to update its research report, entitled ""A Review of Gun Safety Technologies"".",HR,2022-11-01,2022-11-01T04:17:47Z
"{'actionDate': '2019-11-15', 'text': 'Referred to the Subcommittee on Crime, Terrorism, and Homeland Security.'}",4730,House,Advancing Gun Safety Technology Act of 2019,HR,2022-11-01,2022-11-01T03:47:35Z
"{'actionDate': '2019-11-15', 'text': 'Referred to the House Committee on Financial Services.'}",5132,House,Gun Violence Prevention Through Financial Intelligence Act,HR,2022-10-28,2022-10-28T02:00:30Z
"{'actionDate': '2019-10-17', 'text': 'Referred to the Subcommittee on Consumer Protection and Commerce.'}",4691,House,Safe Gun Storage Act of 2019,HR,2022-11-01,2022-11-01T13:49:39Z
"{'actionDate': '2019-09-11', 'text': 'Referred to the Subcommittee on Consumer Protection and Commerce.'}",4271,House,Gun Suicide Prevention Act,HR,2022-11-01,2022-11-01T13:50:05Z
"{'actionDate': '2019-08-28', 'text': 'Referred to the Subcommittee on Crime, Terrorism, and Homeland Security.'}",4116,House,Prevent Gun Trafficking Act,HR,2022-11-01,2022-11-01T13:50:15Z
"{'actionDate': '2019-08-12', 'text': 'Referred to the Subcommittee on Health.'}",4177,House,Gun Safety Board and Research Act of 2019,HR,2022-11-01,2022-11-01T13:50:10Z
"{'actionDate': '2019-07-30', 'text': 'Referred to the Subcommittee on Crime, Terrorism, and Homeland Security.'}",3552,House,Unlawful Gun Buyer Alert Act,HR,2022-11-01,2022-11-01T13:50:49Z
"{'actionDate': '2019-07-30', 'text': 'Referred to the Subcommittee on Crime, Terrorism, and Homeland Security.'}",3285,House,Handgun Purchaser Licensing Act,HR,2022-11-01,2022-11-01T07:02:31Z
"{'actionDate': '2019-07-30', 'text': 'Referred to the Subcommittee on Crime, Terrorism, and Homeland Security.'}",3606,House,High Speed Gunfire Prevention Act,HR,2022-11-01,2022-11-01T13:50:46Z
"{'actionDate': '2019-06-28', 'text': 'Referred to the Subcommittee on Crime, Terrorism, and Homeland Security.'}",3265,House,3D Printed Gun Safety Act of 2019,HR,2022-11-01,2022-11-01T13:51:06Z
"{'actionDate': '2019-06-28', 'text': 'Referred to the Subcommittee on Crime, Terrorism, and Homeland Security.'}",3234,House,Keeping Gun Dealers Honest Act of 2019,HR,2022-11-01,2022-11-01T07:02:32Z
"{'actionDate': '2019-06-28', 'text': 'Referred to the Subcommittee on Crime, Terrorism, and Homeland Security.'}",3214,House,Equal Access to Justice for Victims of Gun Violence Act,HR,2022-11-01,2022-11-01T07:02:34Z
"{'actionDate': '2019-06-26', 'text': 'Referred to the Subcommittee on Crime, Terrorism, and Homeland Security.'}",391,House,Supporting the goals and ideals of National Gun Violence Awareness Weekend and National Gun Violence Awareness Month.,HRES,2022-11-01,2022-11-01T05:32:22Z
"{'actionDate': '2019-06-26', 'text': 'Referred to the Subcommittee on Crime, Terrorism, and Homeland Security.'}",2674,House,Gun Theft Prevention Act,HR,2022-02-08,2022-02-08T23:16:22Z
"{'actionDate': '2019-06-13', 'text': 'Read twice and referred to the Committee on the Judiciary.'}",1844,Senate,Handgun Purchaser Licensing Act,S,2022-11-01,2022-11-01T13:51:07Z
"{'actionDate': '2019-06-13', 'text': 'Read twice and referred to the Committee on the Judiciary.'}",1831,Senate,3D Printed Gun Safety Act of 2019,S,2022-11-01,2022-11-01T13:51:07Z
"{'actionDate': '2019-06-12', 'text': 'Read twice and referred to the Committee on the Judiciary.'}",1795,Senate,Keeping Gun Dealers Honest Act of 2019,S,2022-11-01,2022-11-01T07:02:33Z
"{'actionDate': '2019-06-11', 'text': 'Read twice and referred to the Committee on the Judiciary.'}",1779,Senate,Equal Access to Justice for Victims of Gun Violence Act,S,2022-11-01,2022-11-01T07:02:34Z
"{'actionDate': '2019-06-04', 'text': 'Referred to the House Committee on Energy and Commerce.'}",46,House,Expressing support for the designation of June 21 as National ASK (Asking Saves Kids) Day to promote children's health and safe storage of guns in the home.,HCONRES,2022-11-01,2022-11-01T06:32:27Z
"{'actionDate': '2019-05-31', 'text': 'Referred to the Subcommittee on Crime, Terrorism, and Homeland Security.'}",2585,House,Resources for Victims of Gun Violence Act of 2019,HR,2022-02-09,2022-02-09T02:28:17Z
"{'actionDate': '2019-05-21', 'text': 'Referred to the Committee on the Judiciary. (text: CR S3011)'}",217,Senate,"A resolution expressing support for the designation of June 7 through June 9, 2019, as ""National Gun Violence Awareness Weekend"" and June 2019 as ""National Gun Violence Awareness Month"".",SRES,2022-11-01,2022-11-01T05:32:22Z
"{'actionDate': '2019-05-20', 'text': 'Referred to the Subcommittee on Crime, Terrorism, and Homeland Security.'}",2303,House,Gladys Ricart Gun Offender Registry Act,HR,2022-11-01,2022-11-01T20:02:16Z
"{'actionDate': '2019-05-07', 'text': 'Read twice and referred to the Committee on the Judiciary.'}",1352,Senate,Resources for Victims of Gun Violence Act of 2019,S,2022-02-09,2022-02-09T09:52:09Z
"{'actionDate': '2019-05-03', 'text': 'Referred to the Subcommittee on Crime, Terrorism, and Homeland Security.'}",1761,House,Gun Owner Registration Information Protection Act,HR,2022-11-01,2022-11-01T18:02:33Z
"{'actionDate': '2019-05-03', 'text': 'Referred to the Subcommittee on Crime, Terrorism, and Homeland Security.'}",1745,House,Gun Violence Prevention Act of 2019,HR,2022-11-01,2022-11-01T17:47:13Z
"{'actionDate': '2019-04-25', 'text': 'Referred to the House Committee on Financial Services.'}",2364,House,Investor Choice Against Gun Proliferation Act,HR,2022-11-01,2022-11-01T20:02:13Z
"{'actionDate': '2019-04-12', 'text': 'Referred to the Subcommittee on Antitrust, Commercial, and Administrative Law.'}",1726,House,Protecting Gun Owners in Bankruptcy Act of 2019,HR,2022-11-01,2022-11-01T17:47:14Z
"{'actionDate': '2019-04-12', 'text': 'Referred to the Subcommittee on Crime, Terrorism, and Homeland Security.'}",1670,House,Hadiya Pendleton and Nyasia Pryear-Yard Gun Trafficking and Crime Prevention Act of 2019,HR,2022-11-01,2022-11-01T17:32:22Z
"{'actionDate': '2019-04-08', 'text': 'Referred to the Subcommittee on Crime, Terrorism, and Homeland Security.'}",231,House,Keeping guns out of classrooms.,HRES,2022-11-01,2022-11-01T17:47:11Z
"{'actionDate': '2019-03-28', 'text': 'Referred to the Subcommittee on Energy and Mineral Resources.'}",1606,House,Atlantic Seismic Airgun Protection Act,HR,2022-11-01,2022-11-01T17:17:23Z
"{'actionDate': '2019-03-25', 'text': 'Referred to the Subcommittee on Crime, Terrorism, and Homeland Security.'}",820,House,Gun Show Loophole Closing Act of 2019,HR,2022-11-01,2022-11-01T15:02:56Z
"{'actionDate': '2019-03-25', 'text': 'Referred to the Subcommittee on Crime, Terrorism, and Homeland Security.'}",1287,House,No Guns for Abusers Act of 2019,HR,2022-11-01,2022-11-01T16:17:42Z
"{'actionDate': '2019-03-25', 'text': 'Referred to the Subcommittee on Crime, Terrorism, and Homeland Security.'}",1279,House,Safer Neighborhoods Gun Buyback Act of 2019,HR,2022-11-01,2022-11-01T16:17:41Z
"{'actionDate': '2019-03-25', 'text': 'Referred to the Subcommittee on Crime, Terrorism, and Homeland Security.'}",1266,House,Ghost Guns Are Guns Act,HR,2022-11-01,2022-11-01T16:17:44Z
"{'actionDate': '2019-03-25', 'text': 'Referred to the Subcommittee on Crime, Terrorism, and Homeland Security.'}",1116,House,Keeping Guns from High-Risk Individuals Act,HR,2022-11-01,2022-11-01T16:03:00Z
"{'actionDate': '2019-03-22', 'text': 'Referred to the Subcommittee on Crime, Terrorism, and Homeland Security.'}",971,House,AVERT Future Gun Violence Act of 2019,HR,2022-11-01,2022-11-01T15:32:55Z
"{'actionDate': '2019-03-14', 'text': 'Read twice and referred to the Committee on Energy and Natural Resources.'}",828,Senate,Atlantic Seismic Airgun Protection Act,S,2022-11-05,2022-11-05T19:32:06Z
"{'actionDate': '2019-03-14', 'text': 'Referred to the Committee on Health, Education, Labor, and Pensions. (text: CR S1906)'}",110,Senate,A resolution keeping guns out of classrooms.,SRES,2022-11-01,2022-11-01T17:47:10Z
"{'actionDate': '2019-03-07', 'text': 'Read twice and referred to the Committee on the Judiciary.'}",730,Senate,Hadiya Pendleton and Nyasia Pryear-Yard Gun Trafficking and Crime Prevention Act of 2019,S,2022-11-01,2022-11-01T17:17:23Z
"{'actionDate': '2019-03-04', 'text': 'Referred to the Subcommittee on Crime, Terrorism, and Homeland Security.'}",687,House,Handgun Licensing and Registration Act of 2019,HR,2022-11-01,2022-11-01T14:32:44Z
"{'actionDate': '2019-02-12', 'text': 'Read twice and referred to the Committee on Foreign Relations.'}",459,Senate,Stopping the Traffic in Overseas Proliferation of Ghost Guns Act,S,2022-11-01,2022-11-01T16:02:58Z
"{'actionDate': '2019-02-12', 'text': 'Referred to the Subcommittee on Research and Technology.'}",435,House,National Gun Violence Research Act,HR,2022-11-01,2022-11-01T13:49:18Z
"{'actionDate': '2019-02-08', 'text': 'Referred to the House Committee on Energy and Commerce.'}",1114,House,To require the Surgeon General of the Public Health Service to submit to Congress an annual report on the effects of gun violence on public health.,HR,2022-11-01,2022-11-01T16:03:00Z
"{'actionDate': '2019-02-06', 'text': 'Read twice and referred to the Committee on Homeland Security and Governmental Affairs.'}",351,Senate,Gun Owner Registration Information Protection Act,S,2022-11-01,2022-11-01T15:32:52Z
"{'actionDate': '2019-01-25', 'text': 'Referred to the Subcommittee on Health.'}",674,House,Gun Violence Prevention Research Act of 2019,HR,2022-11-01,2022-11-01T14:32:44Z
"{'actionDate': '2019-01-17', 'text': 'Read twice and referred to the Committee on Health, Education, Labor, and Pensions.'}",184,Senate,Gun Violence Prevention Research Act,S,2022-11-01,2022-11-01T14:32:42Z
"{'actionDate': '2019-01-03', 'text': 'Referred to the Subcommittee on Crime, Terrorism, and Homeland Security.'}",167,House,To prohibit the transfer of a firearm at a gun show by a person who is not a licensed dealer.,HR,2022-11-01,2022-11-01T13:49:27Z
"{'actionDate': '2019-01-03', 'text': 'Referred to the Subcommittee on the Constitution, Civil Rights, and Civil Liberties.'}",157,House,Gun Manufacturers Accountability Act,HR,2022-11-01,2022-11-01T13:49:29Z
"{'actionDate': '2019-01-03', 'text': 'Referred to the Subcommittee on Crime, Terrorism, and Homeland Security.'}",33,House,Gun Trafficking Prohibition Act,HR,2022-11-01,2022-11-01T13:49:33Z
"{'actionDate': '2018-12-13', 'text': 'Referred to the House Committee on the Judiciary.'}",7310,House,"To amend the Omnibus Crime Control and Safe Streets Act of 1968 to authorize the Attorney General to make grants to States and units of local government to deploy and implement gunfire detection and location technology, and for other purposes.",HR,2023-01-11,2023-01-11T13:40:47Z
"{'actionDate': '2018-12-12', 'text': 'Referred to the House Committee on the Judiciary.'}",7274,House,Keeping Guns From Criminals Act,HR,2023-01-11,2023-01-11T13:40:49Z
"{'actionDate': '2018-12-06', 'text': 'Referred to the House Committee on the Judiciary.'}",7219,House,No Guns for Terrorists Act of 2018,HR,2023-01-11,2023-01-11T13:40:51Z
"{'actionDate': '2018-10-09', 'text': 'Referred to the Subcommittee on Crime, Terrorism, Homeland Security, and Investigations.'}",6654,House,To prohibit the transfer of a firearm at a gun show by a person who is not a licensed dealer.,HR,2023-01-11,2023-01-11T13:41:44Z
"{'actionDate': '2018-10-09', 'text': 'Referred to the Subcommittee on Crime, Terrorism, Homeland Security, and Investigations.'}",6649,House,3D Printed Gun Safety Act of 2018,HR,2023-01-11,2023-01-11T13:41:44Z
"{'actionDate': '2018-10-01', 'text': 'Referred to the Subcommittee on Crime, Terrorism, Homeland Security, and Investigations.'}",6629,House,No Guns for Abusers Act of 2018,HR,2023-01-11,2023-01-11T13:41:53Z
"{'actionDate': '2018-09-25', 'text': 'Referred to the Committee on the Judiciary, and in addition to the Committees on Education and the Workforce, and Energy and Commerce, for a period to be subsequently determined by the Speaker, in each case for consideration of such provisions as fall within the jurisdiction of the committee concerned.'}",1076,House,Encouraging the House of Representatives to pass laws to prevent gun violence.,HRES,2023-01-11,2023-01-11T13:41:24Z
"{'actionDate': '2018-08-06', 'text': 'Referred to the Subcommittee on Crime, Terrorism, Homeland Security, and Investigations.'}",6278,House,AVERT Future Gun Violence Act,HR,2023-01-11,2023-01-11T13:42:16Z
"{'actionDate': '2018-08-02', 'text': 'Referred to the Subcommittee on Crime, Terrorism, Homeland Security, and Investigations.'}",127,House,Condemning gun violence and its impact on youth by supporting the enactment of legislation to prevent future school and neighborhood shootings.,HCONRES,2023-01-11,2023-01-11T13:42:25Z
"{'actionDate': '2018-07-31', 'text': 'Read twice and referred to the Committee on the Judiciary.'}",3304,Senate,3D Printed Gun Safety Act of 2018,S,2023-01-11,2023-01-11T13:41:46Z
"{'actionDate': '2018-07-30', 'text': 'Referred to the Subcommittee on Crime, Terrorism, Homeland Security, and Investigations.'}",6075,House,Keeping Gun Dealers Honest Act of 2018,HR,2023-01-11,2023-01-11T13:42:22Z
"{'actionDate': '2018-07-24', 'text': 'Referred to the Subcommittee on Immigration and Border Security.'}",920,House,"Expressing support for the designation of June as National Gun Violence Awareness Month, and calling on Congress to address gun violence.",HRES,2023-01-11,2023-01-11T13:42:15Z
"{'actionDate': '2018-07-12', 'text': 'Read twice and referred to the Committee on the Judiciary.'}",3211,Senate,Keeping Gun Dealers Honest Act of 2018,S,2023-01-11,2023-01-11T13:41:49Z
"{'actionDate': '2018-06-26', 'text': 'Read twice and referred to the Committee on Homeland Security and Governmental Affairs.'}",3135,Senate,Gun Owner Registration Information Protection Act,S,2023-01-11,2023-01-11T13:42:07Z
"{'actionDate': '2018-06-21', 'text': 'Referred to the House Committee on Energy and Commerce.'}",125,House,Expressing support for the designation of June 21 as National ASK (Asking Saves Kids) Day to promote children's health and safe storage of guns in the home.,HCONRES,2023-01-11,2023-01-11T13:42:25Z
"{'actionDate': '2018-06-05', 'text': 'Referred to the Subcommittee on Crime, Terrorism, Homeland Security, and Investigations.'}",913,House,"Expressing support for the goals and ideals of June 1 through June 3, 2018 as ""National Gun Violence Awareness Weekend"" and June 2018 as ""National Gun Violence Awareness Month"".",HRES,2023-01-11,2023-01-11T13:42:33Z
"{'actionDate': '2018-06-05', 'text': 'Referred to the Subcommittee on Crime, Terrorism, Homeland Security, and Investigations.'}",5941,House,Child Gun Access Prevention Act,HR,2023-01-11,2023-01-11T13:39:26Z
"{'actionDate': '2018-05-24', 'text': 'Read twice and referred to the Committee on the Judiciary. (Sponsor introductory remarks on measure: CR S2935-2936)'}",2974,Senate,Crime Gun Tracing Modernization Act,S,2023-01-11,2023-01-11T13:42:27Z
"{'actionDate': '2018-05-24', 'text': 'Referred to the Committee on the Judiciary. (text of measure as introduced: CR S2937-2938)'}",524,Senate,"A resolution expressing support for the designation of June 1 through June 3, 2018 as ""National Gun Violence Awareness Weekend"" and June 2018 as ""National Gun Violence Awareness Month"".",SRES,2023-01-11,2023-01-11T13:42:26Z
"{'actionDate': '2018-05-22', 'text': 'Referred to the Subcommittee on Crime, Terrorism, Homeland Security, and Investigations.'}",5607,House,Handgun Licensing and Registration Act of 2018,HR,2023-01-11,2023-01-11T13:39:48Z
"{'actionDate': '2018-05-22', 'text': 'Referred to the Subcommittee on Crime, Terrorism, Homeland Security, and Investigations.'}",5657,House,Gladys Ricart Gun Offender Registry Act,HR,2023-01-11,2023-01-11T13:39:46Z
"{'actionDate': '2018-05-21', 'text': 'Referred to the Subcommittee on Crime, Terrorism, Homeland Security, and Investigations.'}",5490,House,Handgun Purchaser Licensing Act,HR,2023-01-11,2023-01-11T13:39:52Z
"{'actionDate': '2018-04-12', 'text': 'Read twice and referred to the Committee on the Judiciary.'}",2662,Senate,Handgun Purchaser Licensing Act,S,2023-01-11,2023-01-11T13:39:42Z
"{'actionDate': '2018-04-06', 'text': 'Referred to the Subcommittee on Crime, Terrorism, Homeland Security, and Investigations.'}",5163,House,Keeping Guns from High-Risk Individuals Act,HR,2023-01-11,2023-01-11T13:40:21Z
"{'actionDate': '2018-03-23', 'text': 'Became Public Law No: 115-146.'}",2815,House,"To designate the facility of the United States Postal Service located at 30 East Somerset Street in Raritan, New Jersey, as the ""Gunnery Sergeant John Basilone Post Office"".",HR,2023-03-22,2023-03-22T19:50:52Z
"{'actionDate': '2018-03-14', 'text': 'Committee on the Judiciary. Hearings held.'}",1916,Senate,Automatic Gunfire Prevention Act,S,2023-01-11,2023-01-11T13:38:18Z
"{'actionDate': '2018-03-14', 'text': 'Committee on the Judiciary. Hearings held.'}",1212,Senate,Gun Violence Prevention Order Act of 2017,S,2023-01-11,2023-01-11T13:36:24Z
"{'actionDate': '2018-03-09', 'text': 'Referred to the Subcommittee on Health.'}",5161,House,To require the Surgeon General of the Public Health Service to submit to Congress an annual report on the effects of gun violence on public health.,HR,2023-01-11,2023-01-11T13:40:21Z
"{'actionDate': '2018-03-05', 'text': 'Referred to the Subcommittee on Federal Lands.'}",5103,House,Gun Violence Prevention and Safe Communities Act of 2018,HR,2023-01-11,2023-01-11T13:40:30Z
"{'actionDate': '2018-02-27', 'text': 'Referred to the House Committee on Financial Services.'}",5106,House,Investor Choice Against Gun Proliferation Act,HR,2023-01-11,2023-01-11T13:40:30Z
"{'actionDate': '2017-12-15', 'text': 'Referred to the House Committee on Rules.'}",666,House,Amending the Rules of the House of Representatives to observe a 60-second moment of silence in the House for those killed by gun violence in the United States on the next legislative day after any such individual dies.,HRES,2023-01-11,2023-01-11T13:39:10Z
"{'actionDate': '2017-12-13', 'text': 'Referred to the Subcommittee on Crime, Terrorism, Homeland Security, and Investigations.'}",4343,House,Unlawful Gun Buyer Alert Act,HR,2023-01-11,2023-01-11T13:38:02Z
"{'actionDate': '2017-12-08', 'text': 'Referred to the Subcommittee on Health.'}",4573,House,Gun Violence Research Act of 2017,HR,2023-01-11,2023-01-11T13:39:18Z
"{'actionDate': '2017-11-27', 'text': 'Read twice and referred to the Committee on the Judiciary.'}",2161,Senate,Hadiya Pendleton and Nyasia Pryear-Yard Gun Trafficking and Crime Prevention Act of 2017,S,2023-01-11,2023-01-11T13:39:21Z
"{'actionDate': '2017-11-17', 'text': 'Referred to the Subcommittee on Crime, Terrorism, Homeland Security, and Investigations.'}",4192,House,Domestic Violence Gun Homicide Prevention Act of 2017,HR,2023-01-11,2023-01-11T13:38:20Z
"{'actionDate': '2017-11-07', 'text': 'Referred to the Subcommittee on Crime, Terrorism, Homeland Security, and Investigations.'}",4268,House,Gun Safety: Not Sorry Act of 2017,HR,2023-01-11,2023-01-11T13:38:06Z
"{'actionDate': '2017-10-31', 'text': 'Read twice and referred to the Committee on the Judiciary.'}",2045,Senate,Domestic Violence Gun Homicide Prevention Act of 2017,S,2023-01-11,2023-01-11T13:38:12Z
"{'actionDate': '2017-10-19', 'text': 'Referred to the Subcommittee on Crime, Terrorism, Homeland Security, and Investigations.'}",4018,House,"To provide for a 3-day waiting period before a person may receive a handgun, with exceptions.",HR,2023-01-11,2023-01-11T13:38:26Z
"{'actionDate': '2017-10-19', 'text': 'Referred to the Subcommittee on Crime, Terrorism, Homeland Security, and Investigations.'}",3999,House,"To amend title 18, United States Code, to prohibit the manufacture, possession, or transfer of any part or combination of parts that is designed and functions to increase the rate of fire of a semiautomatic rifle but does not convert the semiautomatic rifle into a machinegun, and for other purposes.",HR,2023-01-11,2023-01-11T13:38:27Z
"{'actionDate': '2017-10-19', 'text': 'Referred to the Subcommittee on Crime, Terrorism, Homeland Security, and Investigations.'}",3987,House,Protecting Americans from Gun Violence Act of 2017,HR,2023-01-11,2023-01-11T13:38:28Z
"{'actionDate': '2017-10-16', 'text': 'Referred to the Subcommittee on the Constitution and Civil Justice.'}",3984,House,Equal Access to Justice for Victims of Gun Violence Act,HR,2023-01-11,2023-01-11T13:38:28Z
"{'actionDate': '2017-10-05', 'text': 'Read twice and referred to the Committee on the Judiciary.'}",1939,Senate,Equal Access to Justice for Victims of Gun Violence Act,S,2023-01-11,2023-01-11T13:38:17Z
"{'actionDate': '2017-10-04', 'text': 'Referred to the Subcommittee on Crime, Terrorism, Homeland Security, and Investigations.'}",3947,House,Automatic Gunfire Prevention Act,HR,2023-01-11,2023-01-11T13:38:29Z
"{'actionDate': '2017-10-04', 'text': 'Read twice and referred to the Committee on Commerce, Science, and Transportation.'}",1915,Senate,Handgun Trigger Safety Act of 2017,S,2023-01-11,2023-01-11T13:38:18Z
"{'actionDate': '2017-09-06', 'text': 'Referred to the Subcommittee on Crime, Terrorism, Homeland Security, and Investigations.'}",3613,House,Safer Neighborhoods Gun Buyback Act of 2017,HR,2023-01-11,2023-01-11T13:37:12Z
"{'actionDate': '2017-07-12', 'text': 'Referred to the Subcommittee on Crime, Terrorism, Homeland Security, and Investigations.'}",2784,House,Good Neighbor Gun Dealer Act,HR,2023-01-11,2023-01-11T13:37:54Z
"{'actionDate': '2017-07-10', 'text': 'Referred to the Subcommittee on Regulatory Reform, Commercial And Antitrust Law.'}",2980,House,Protecting Gun Owners in Bankruptcy Act of 2017,HR,2023-01-11,2023-01-11T13:37:47Z
"{'actionDate': '2017-07-10', 'text': 'Referred to the Subcommittee on Crime, Terrorism, Homeland Security, and Investigations.'}",2951,House,"To allow Members of Congress to carry a concealed handgun anywhere in the United States, with exceptions.",HR,2023-01-11,2023-01-11T13:37:49Z
"{'actionDate': '2017-06-26', 'text': 'Referred to the House Committee on Oversight and Government Reform.'}",66,House,Expressing support for the designation of June 21 as National ASK (Asking Saves Kids) Day to promote children's health and gun safety.,HCONRES,2023-01-11,2023-01-11T13:36:20Z
"{'actionDate': '2017-06-23', 'text': 'Referred to the Subcommittee on Crime, Terrorism, Homeland Security, and Investigations.'}",373,House,"Expressing support for the designation of June 2017 as ""National Gun Violence Awareness Month"" and calling on Congress to address gun violence.",HRES,2023-01-11,2023-01-11T13:37:41Z
"{'actionDate': '2017-06-07', 'text': 'Referred to the Subcommittee on Crime, Terrorism, Homeland Security, and Investigations.'}",361,House,"Supporting the goals and ideals of ""National Gun Violence Awareness Day"" and ""National Gun Violence Awareness Month"".",HRES,2023-01-11,2023-01-11T13:36:32Z
"{'actionDate': '2017-06-07', 'text': 'Referred to the Subcommittee on Crime, Terrorism, Homeland Security, and Investigations.'}",2380,House,Handgun Trigger Safety Act of 2017,HR,2023-01-11,2023-01-11T13:36:48Z
"{'actionDate': '2017-05-26', 'text': 'Referred to the House Committee on Rules.'}",370,House,Amending the Rules of the House of Representatives to require that a standing committee (or subcommittee thereof) hearing be held whenever there is a moment of silence in the House for a tragedy involving gun violence.,HRES,2023-01-11,2023-01-11T13:36:32Z
"{'actionDate': '2017-05-25', 'text': 'Read twice and referred to the Committee on Energy and Natural Resources.'}",1263,Senate,Atlantic Seismic Airgun Protection Act,S,2023-01-11,2023-01-11T13:36:23Z
"{'actionDate': '2017-05-25', 'text': 'Referred to the Committee on the Judiciary. (text of measure as introduced: CR S3223)'}",179,Senate,"A resolution expressing support for the designation of June 2, 2017, as ""National Gun Violence Awareness Day"" and June 2017 as ""National Gun Violence Awareness Month"".",SRES,2023-01-11,2023-01-11T13:36:20Z
"{'actionDate': '2017-05-25', 'text': 'Referred to the House Committee on Rules.'}",367,House,Establishing the Select Committee on Gun Violence Prevention.,HRES,2023-01-11,2023-01-11T13:36:32Z
"{'actionDate': '2017-05-23', 'text': 'Referred to the House Committee on the Judiciary.'}",2598,House,Gun Violence Restraining Order Act of 2017,HR,2023-01-11,2023-01-11T13:36:40Z
"{'actionDate': '2017-05-02', 'text': 'Referred to the Subcommittee on Energy and Mineral Resources.'}",2158,House,Atlantic Seismic Airgun Protection Act,HR,2023-01-11,2023-01-11T13:35:56Z
"{'actionDate': '2017-05-01', 'text': 'Referred to the Subcommittee on Crime, Terrorism, Homeland Security, and Investigations.'}",1982,House,Mental Health Access and Gun Violence Prevention Act of 2017,HR,2023-01-11,2023-01-11T13:36:03Z
"{'actionDate': '2017-04-05', 'text': 'Read twice and referred to the Committee on Health, Education, Labor, and Pensions.'}",834,Senate,A bill to authorize the appropriation of funds to the Centers for Disease Control and Prevention for conducting or supporting research on firearms safety or gun violence prevention.,S,2023-01-11,2023-01-11T13:36:59Z
"{'actionDate': '2017-03-31', 'text': 'Referred to the Subcommittee on Crime, Terrorism, Homeland Security, and Investigations.'}",1612,House,Gun Show Loophole Closing Act of 2017,HR,2023-01-11,2023-01-11T13:35:35Z
"{'actionDate': '2017-03-31', 'text': 'Referred to the Subcommittee on Health.'}",1832,House,To authorize the appropriation of funds to the Centers for Disease Control and Prevention for conducting or supporting research on firearms safety or gun violence prevention.,HR,2023-01-11,2023-01-11T13:35:27Z
"{'actionDate': '2017-03-21', 'text': 'Referred to the Subcommittee on Crime, Terrorism, Homeland Security, and Investigations.'}",1475,House,Gun Trafficking Prevention Act of 2017,HR,2023-01-11,2023-01-11T13:35:40Z
"{'actionDate': '2017-03-16', 'text': 'Referred to the Subcommittee on Crime, Terrorism, Homeland Security, and Investigations.'}",1278,House,Ghost Guns Are Guns Act,HR,2023-01-11,2023-01-11T13:35:47Z
"{'actionDate': '2017-03-10', 'text': 'Referred to the Subcommittee on Health.'}",1478,House,Gun Violence Research Act,HR,2023-01-11,2023-01-11T13:35:40Z
"{'actionDate': '2017-02-15', 'text': 'Referred to the House Committee on Education and the Workforce.'}",1079,House,Campus Gun Policy Transparency Act,HR,2023-01-11,2023-01-11T13:35:11Z
"{'actionDate': '2017-02-10', 'text': 'Referred to the Subcommittee on Health.'}",90,House,"Expressing the sense of the House of Representatives that gun violence is a public health issue and Congress should enact by the end of the 115th Congress comprehensive Federal legislation that protects the Second Amendment and keeps communities safe and healthy, including expanding enforceable background checks for all commercial gun sales, improving the mental health system in the United States, and making gun trafficking and straw purchasing a Federal crime.",HRES,2023-01-11,2023-01-11T13:34:52Z
"{'actionDate': '2017-01-13', 'text': 'Referred to the Subcommittee on the Constitution and Civil Justice.'}",163,House,Gun Manufacturers Accountability Act,HR,2023-01-11,2023-01-11T13:34:37Z
"{'actionDate': '2017-01-12', 'text': 'Referred to the Subcommittee on Crime, Terrorism, Homeland Security, and Investigations.'}",62,House,Gun Violence Reduction Resources Act of 2017,HR,2023-01-11,2023-01-11T13:34:19Z
"{'actionDate': '2016-12-16', 'text': 'Became Public Law No: 114-305.'}",5889,House,"To designate the facility of the United States Postal Service located at 1 Chalan Kanoa VLG in Saipan, Northern Mariana Islands, as the ""Segundo T. Sablan and CNMI Fallen Military Heroes Post Office Building"".",HR,2023-04-24,2023-04-24T20:39:47Z
"{'actionDate': '2016-09-27', 'text': 'Referred to the Subcommittee on Crime, Terrorism, Homeland Security, and Investigations.'}",6052,House,Preventing Gun Violence Act,HR,2023-01-11,2023-01-11T13:33:47Z
"{'actionDate': '2016-09-08', 'text': 'Referred to the House Committee on Education and the Workforce.'}",5965,House,Campus Gun Policy Transparency Act,HR,2023-01-11,2023-01-11T13:33:51Z
"{'actionDate': '2016-08-10', 'text': 'Referred to the Subcommittee on Crime, Terrorism, Homeland Security, and Investigations.'}",5863,House,SMART Guns Act of 2016,HR,2023-01-11,2023-01-11T13:33:21Z
"{'actionDate': '2016-08-04', 'text': 'Referred to the Subcommittee on Energy and Mineral Resources.'}",5817,House,Atlantic Seismic Airgun Protection Act,HR,2023-01-11,2023-01-11T13:33:22Z
"{'actionDate': '2016-06-24', 'text': 'Referred to the Subcommittee on Crime, Terrorism, Homeland Security, and Investigations.'}",5532,House,Unlawful Gun Buyer Alert Act,HR,2023-01-11,2023-01-11T13:32:45Z
"{'actionDate': '2016-06-01', 'text': 'Referred to the Subcommittee on Crime, Terrorism, Homeland Security, and Investigations.'}",753,House,"Expressing support for the designation of June 2, 2016, as ""National Gun Violence Awareness Day"" and June 2016 as ""National Gun Violence Awareness Month"".",HRES,2023-01-11,2023-01-11T13:32:56Z
"{'actionDate': '2016-05-25', 'text': 'Referred to the Committee on the Judiciary. (text of measure as introduced: CR S3176-3177)'}",478,Senate,"A resolution expressing support for the designation of June 2, 2016, as ""National Gun Violence Awareness Day"" and June 2016 as ""National Gun Violence Awareness Month"".",SRES,2023-01-11,2023-01-11T13:32:51Z
"{'actionDate': '2016-05-17', 'text': 'Referred to the Subcommittee on Crime, Terrorism, Homeland Security, and Investigations.'}",5080,House,Hadiya Pendleton and Nyasia Pryear-Yard Gun Trafficking and Crime Prevention Act of 2016,HR,2023-01-11,2023-01-11T13:31:33Z
"{'actionDate': '2016-05-17', 'text': 'Referred to the Subcommittee on Crime, Terrorism, Homeland Security, and Investigations.'}",5034,House,"To nullify any generalized, routine or ongoing reporting requirement imposed on a person licensed under section 923 of title 18, United States Code, that is based on the geographic location in which the licensee is located or on the sale of multiple rifles or shotguns, or any specific type of rifle or shotgun, to the same person.",HR,2023-01-11,2023-01-11T13:31:35Z
"{'actionDate': '2016-05-16', 'text': 'Read twice and referred to the Committee on the Judiciary.'}",2934,Senate,Fix Gun Checks Act of 2016,S,2023-01-11,2023-01-11T13:32:54Z
"{'actionDate': '2016-04-21', 'text': 'Read twice and referred to the Committee on Energy and Natural Resources.'}",2841,Senate,Atlantic Seismic Airgun Protection Act,S,2023-01-11,2023-01-11T13:33:08Z
"{'actionDate': '2016-04-20', 'text': 'Referred to the House Committee on Rules.'}",694,House,Amending the Rules of the House of Representatives to require that a standing committee (or subcommittee thereof) hearing be held whenever there is a moment of silence in the House for a tragedy involving gun violence.,HRES,2023-01-11,2023-01-11T13:31:29Z
"{'actionDate': '2016-04-14', 'text': 'Read twice and referred to the Committee on the Judiciary.'}",2802,Senate,Protecting Gun Rights and Due Process Act,S,2023-01-11,2023-01-11T13:31:25Z
"{'actionDate': '2016-04-01', 'text': 'Referred to the Subcommittee on the Constitution and Civil Justice.'}",656,House,"Expressing the sense of the House of Representatives that the Senate should not confirm a nominee to the United States Supreme Court whose professional record or statements display opposition to the Second Amendment freedoms of law-abiding gun owners, including the fundamental, individual right to keep and bear arms as affirmed in the District of Columbia et al. v. Heller and McDonald et al. v. City of Chicago, Illinois, et al. cases.",HRES,2023-01-11,2023-01-11T13:31:47Z
"{'actionDate': '2016-03-23', 'text': 'Referred to the Subcommittee on Early Childhood, Elementary, and Secondary Education.'}",4214,House,Gun Violence Prevention and Safe Communities Act of 2015,HR,2023-01-11,2023-01-11T13:32:28Z
"{'actionDate': '2016-02-29', 'text': 'Referred to the Subcommittee on the Constitution and Civil Justice.'}",4399,House,Equal Access to Justice for Victims of Gun Violence Act,HR,2023-01-11,2023-01-11T13:32:13Z
"{'actionDate': '2016-02-25', 'text': 'Read twice and referred to the Committee on the Judiciary.'}",2594,Senate,A bill to provide for the discoverability and admissibility of gun trace information in civil proceedings.,S,2023-01-11,2023-01-11T13:31:58Z
"{'actionDate': '2016-02-03', 'text': 'Referred to the Subcommittee on Crime, Terrorism, Homeland Security, and Investigations.'}",4379,House,Defending Gun Rights Against Executive Overreach Act,HR,2023-01-11,2023-01-11T13:32:16Z
"{'actionDate': '2016-02-03', 'text': 'Referred to the Subcommittee on Crime, Terrorism, Homeland Security, and Investigations.'}",4356,House,Crackdown on Deadbeat Gun Dealers Act of 2016,HR,2023-01-11,2023-01-11T13:32:17Z
"{'actionDate': '2016-02-03', 'text': 'Referred to the Subcommittee on Crime, Terrorism, Homeland Security, and Investigations.'}",4316,House,Gun Violence Reduction Resources Act of 2016,HR,2023-01-11,2023-01-11T13:32:19Z
"{'actionDate': '2016-01-15', 'text': 'Referred to the Subcommittee on Crime, Terrorism, Homeland Security, and Investigations.'}",4278,House,Safer Neighborhoods Gun Buyback Act of 2015,HR,2023-01-11,2023-01-11T13:32:26Z
"{'actionDate': '2016-01-15', 'text': 'Referred to the Subcommittee on Crime, Terrorism, Homeland Security, and Investigations.'}",4145,House,"To require the Comptroller General of the United States to conduct a study of, and report to the Congress on, secure gun storage or safety devices.",HR,2023-01-11,2023-01-11T13:32:31Z
"{'actionDate': '2016-01-08', 'text': 'Referred to the Subcommittee on Health.'}",4315,House,Mental Health Access and Gun Violence Prevention Act of 2016,HR,2023-01-11,2023-01-11T13:32:19Z
"{'actionDate': '2015-12-04', 'text': 'Referred to the Subcommittee on Crime, Terrorism, Homeland Security, and Investigations.'}",541,House,"Expressing support for designation of June 2016 as ""National Gun Violence Awareness Month"".",HRES,2023-01-11,2023-01-11T13:29:18Z
"{'actionDate': '2015-12-04', 'text': 'Referred to the Subcommittee on Crime, Terrorism, Homeland Security, and Investigations.'}",4069,House,No Guns for Terrorists Act of 2015,HR,2023-01-11,2023-01-11T13:29:22Z
"{'actionDate': '2015-12-03', 'text': 'Referred to the Subcommittee on Disability Assistance and Memorial Affairs.'}",473,House,Expressing support for the designation of June as National Gun Violence Awareness Month and calling on Congress to address gun violence.,HRES,2023-01-11,2023-01-11T13:29:35Z
"{'actionDate': '2015-11-23', 'text': 'Referred to the Subcommittee on Crime, Terrorism, Homeland Security, and Investigations.'}",3853,House,Gun Dealer Accountability Act,HR,2023-01-11,2023-01-11T13:29:36Z
"{'actionDate': '2015-11-23', 'text': 'Referred to the Subcommittee on Crime, Terrorism, Homeland Security, and Investigations.'}",3830,House,Reducing Gun Violence in our Neighborhoods Act of 2015,HR,2023-01-11,2023-01-11T13:29:37Z
"{'actionDate': '2015-11-23', 'text': 'Referred to the Subcommittee on Crime, Terrorism, Homeland Security, and Investigations.'}",3813,House,Domestic Violence Gun Homicide Prevention Act of 2015,HR,2023-01-11,2023-01-11T13:29:37Z
"{'actionDate': '2015-11-06', 'text': 'Referred to the Subcommittee on Health.'}",3926,House,Gun Violence Research Act,HR,2023-01-11,2023-01-11T13:29:26Z
"{'actionDate': '2015-10-22', 'text': 'Read twice and referred to the Committee on the Judiciary.'}",2198,Senate,Domestic Violence Gun Homicide Prevention Act of 2015,S,2023-01-11,2023-01-11T13:29:31Z
"{'actionDate': '2015-10-08', 'text': 'Referred to the House Committee on Rules.'}",467,House,Establishing the Select Committee on Gun Violence Prevention.,HRES,2023-01-11,2023-01-11T13:29:35Z
"{'actionDate': '2015-10-05', 'text': 'Referred to the Subcommittee on Crime, Terrorism, Homeland Security, and Investigations.'}",3569,House,Good Neighbor Gun Dealer Act,HR,2023-01-11,2023-01-11T13:29:51Z
"{'actionDate': '2015-09-28', 'text': 'Referred to the Subcommittee on Crime, Terrorism, Homeland Security, and Investigations.'}",3455,House,Gun Trafficking Prevention Act of 2015,HR,2023-01-11,2023-01-11T13:29:55Z
"{'actionDate': '2015-09-28', 'text': 'Referred to the Subcommittee on Crime, Terrorism, Homeland Security, and Investigations.'}",3411,House,Fix Gun Checks Act of 2015,HR,2023-01-11,2023-01-11T13:30:17Z
"{'actionDate': '2015-08-05', 'text': 'Read twice and referred to the Committee on the Judiciary.'}",1977,Senate,Gun Violence Intervention Act of 2015,S,2023-01-11,2023-01-11T13:29:57Z
"{'actionDate': '2015-07-31', 'text': 'Referred to the Subcommittee on Commerce, Manufacturing, and Trade.'}",3224,House,Gun Look-Alike Case Act,HR,2023-01-11,2023-01-11T13:30:24Z
"{'actionDate': '2015-07-14', 'text': 'Read twice and referred to the Committee on the Judiciary.'}",1760,Senate,Hadiya Pendleton and Nyasia Pryear-Yard Gun Trafficking and Crime Prevention Act of 2015,S,2023-01-11,2023-01-11T13:30:07Z
"{'actionDate': '2015-07-13', 'text': 'Read twice and referred to the Committee on the Judiciary.'}",1751,Senate,Handgun Purchaser Licensing Act,S,2023-01-11,2023-01-11T13:30:07Z
"{'actionDate': '2015-07-09', 'text': 'Referred to the Subcommittee on Crime, Terrorism, Homeland Security, and Investigations.'}",2939,House,Enforce Existing Gun Laws Act,HR,2023-01-11,2023-01-11T13:30:49Z
"{'actionDate': '2015-07-09', 'text': 'Referred to the Subcommittee on Crime, Terrorism, Homeland Security, and Investigations.'}",2871,House,Keeping Guns From Criminals Act,HR,2023-01-11,2023-01-11T13:30:51Z
"{'actionDate': '2015-07-01', 'text': 'Referred to the Subcommittee on Crime, Terrorism, Homeland Security, and Investigations.'}",2732,House,Handgun Purchaser Licensing Act,HR,2023-01-11,2023-01-11T13:30:56Z
"{'actionDate': '2015-06-26', 'text': 'Referred to the Subcommittee on Crime, Terrorism, Homeland Security, and Investigations.'}",2380,House,Gun Show Loophole Closing Act of 2015,HR,2023-01-11,2023-01-11T13:31:23Z
"{'actionDate': '2015-06-26', 'text': 'Referred to the Subcommittee on Crime, Terrorism, Homeland Security, and Investigations.'}",2374,House,"Detectives Nemorin, Andrews and Moore Anti-Gun Trafficking Act of 2015",HR,2023-01-11,2023-01-11T13:31:23Z
"{'actionDate': '2015-06-25', 'text': 'Referred to the House Committee on Oversight and Government Reform.'}",59,House,Expressing support for designation of June 21 as National ASK (Asking Saves Kids) Day to promote children's health and gun safety.,HCONRES,2023-01-11,2023-01-11T13:31:03Z
"{'actionDate': '2015-06-16', 'text': 'Referred to the Subcommittee on Crime, Terrorism, Homeland Security, and Investigations.'}",2613,House,Handgun Trigger Safety Act of 2015,HR,2023-01-11,2023-01-11T13:31:01Z
"{'actionDate': '2015-06-16', 'text': 'Referred to the Subcommittee on Crime, Terrorism, Homeland Security, and Investigations.'}",289,House,"Expressing the sense of the House of Representatives that gun violence is a public health issue and Congress should enact by the end of the 114th Congress comprehensive Federal legislation that protects the Second Amendment and keeps communities safe and healthy, including expanding enforceable background checks for all commercial gun sales, improving the mental health system in the United States, and making gun trafficking and straw purchasing a Federal crime.",HRES,2023-01-11,2023-01-11T13:30:48Z
"{'actionDate': '2015-06-09', 'text': 'Read twice and referred to the Committee on the Judiciary. (text of measure as introduced: CR S3928)'}",1529,Senate,Crime Gun Tracing Act of 2015,S,2023-01-11,2023-01-11T13:30:43Z
"{'actionDate': '2015-06-05', 'text': 'Referred to the Subcommittee on Health.'}",2612,House,To authorize the appropriation of funds to the Centers for Disease Control and Prevention for conducting or supporting research on firearms safety or gun violence prevention.,HR,2023-01-11,2023-01-11T13:31:01Z
"{'actionDate': '2015-06-02', 'text': 'Read twice and referred to the Committee on Health, Education, Labor, and Pensions.'}",1473,Senate,A bill to authorize the appropriation of funds to the Centers for Disease Control and Prevention for conducting or supporting research on firearms safety or gun violence prevention.,S,2023-01-11,2023-01-11T13:30:45Z
"{'actionDate': '2015-06-02', 'text': 'Read twice and referred to the Committee on Commerce, Science, and Transportation.'}",1474,Senate,Handgun Trigger Safety Act of 2015,S,2023-01-11,2023-01-11T13:30:46Z
"{'actionDate': '2015-05-15', 'text': 'Referred to the Subcommittee on Crime, Terrorism, Homeland Security, and Investigations.'}",1858,House,Crime Gun Tracing Act,HR,2023-01-11,2023-01-11T13:27:40Z
"{'actionDate': '2015-04-21', 'text': 'Referred to the Subcommittee on Regulatory Reform, Commercial And Antitrust Law.'}",1488,House,Protecting Gun Owners in Bankruptcy Act of 2015,HR,2023-01-11,2023-01-11T13:28:05Z
"{'actionDate': '2015-02-05', 'text': 'Referred to the Subcommittee on Crime, Terrorism, Homeland Security, and Investigations.'}",368,House,Safe and Responsible Gun Transfer Act,HR,2023-01-11,2023-01-11T13:29:07Z
"{'actionDate': '2015-02-02', 'text': 'Referred to the Subcommittee on Crime, Terrorism, Homeland Security, and Investigations.'}",226,House,Keeping Guns from High Risk Individuals Act,HR,2023-01-11,2023-01-11T13:29:12Z
"{'actionDate': '2015-02-02', 'text': 'Referred to the Subcommittee on Crime, Terrorism, Homeland Security, and Investigations.'}",47,House,To ensure secure gun storage and gun safety devices.,HR,2023-01-11,2023-01-11T13:29:03Z
"{'actionDate': '2015-01-09', 'text': 'Referred to the Subcommittee on Health.'}",224,House,To require the Surgeon General of the Public Health Service to submit to Congress an annual report on the effects of gun violence on public health.,HR,2023-01-11,2023-01-11T13:29:12Z
"{'actionDate': '2014-12-23', 'text': 'Referred to the Subcommittee on Disability Assistance and Memorial Affairs.'}",5817,House,"To amend section 701 of the Veterans Access, Choice, and Accountability Act of 2014 to clarify the period of eligibility during which certain spouses are entitled to assistance under the Marine Gunnery Sergeant John David Fry Scholarship.",HR,2023-01-11,2023-01-11T13:25:12Z
"{'actionDate': '2014-09-26', 'text': 'Became Public Law No: 113-179.'}",1603,Senate,Gun Lake Trust Land Reaffirmation Act,S,2023-03-22,2023-03-22T18:49:23Z
"{'actionDate': '2014-07-29', 'text': 'Read twice and referred to the Committee on the Judiciary.'}",2676,Senate,Domestic Violence Gun Homicide Prevention Act of 2014,S,2023-01-11,2023-01-11T13:25:45Z
"{'actionDate': '2014-07-21', 'text': 'Referred to the Subcommittee on Crime, Terrorism, Homeland Security, and Investigations.'}",4946,House,Crime Gun Tracing Act,HR,2023-01-11,2023-01-11T13:26:13Z
"{'actionDate': '2014-06-20', 'text': 'Referred to the House Committee on Oversight and Government Reform.'}",102,House,Expressing support for designation of June 21 as National ASK (Asking Saves Kids) Day to promote children's health and gun safety.,HCONRES,2023-01-11,2023-01-11T13:26:18Z
"{'actionDate': '2014-05-23', 'text': 'Referred to the Subcommittee on Health.'}",4707,House,To authorize the appropriation of funds to the Centers for Disease Control and Prevention for conducting or supporting research on firearms safety or gun violence prevention.,HR,2023-01-11,2023-01-11T13:26:27Z
"{'actionDate': '2014-05-21', 'text': 'Read twice and referred to the Committee on Health, Education, Labor, and Pensions.'}",2373,Senate,A bill to authorize the appropriation of funds to the Centers for Disease Control and Prevention for conducting or supporting research on firearms safety or gun violence prevention.,S,2023-01-11,2023-01-11T13:26:20Z
"{'actionDate': '2014-04-16', 'text': 'Referred to the Subcommittee on Crime, Terrorism, Homeland Security, and Investigations.'}",4405,House,Preventing Gun Violence Act,HR,2023-01-11,2023-01-11T13:26:40Z
"{'actionDate': '2014-04-16', 'text': 'Referred to the Subcommittee on Crime, Terrorism, Homeland Security, and Investigations.'}",4380,House,Gun Confiscation and Registration Prevention Act,HR,2023-01-11,2023-01-11T13:26:41Z
"{'actionDate': '2014-03-20', 'text': 'Referred to the Subcommittee on Crime, Terrorism, Homeland Security, and Investigations.'}",468,House,"Expressing the sense of the House of Representatives that gun violence is a public health issue and Congress should enact by the end of the 113th Congress comprehensive Federal legislation that protects the Second Amendment and keeps communities safe and healthy, including expanding enforceable background checks for all commercial gun sales, improving the mental health system in the United States, and making gun trafficking and straw purchasing a Federal crime.",HRES,2023-01-11,2023-01-11T13:27:04Z
"{'actionDate': '2014-03-20', 'text': 'Referred to the Subcommittee on Regulatory Reform, Commercial And Antitrust Law.'}",3933,House,Protecting Gun Owners in Bankruptcy Act of 2014,HR,2023-01-11,2023-01-11T13:27:07Z
"{'actionDate': '2014-03-11', 'text': 'Read twice and referred to the Committee on Homeland Security and Governmental Affairs.'}",2105,Senate,Gun-Owner Registration Information Protection Act,S,2023-01-11,2023-01-11T13:26:46Z
"{'actionDate': '2014-02-27', 'text': 'Read twice and referred to the Committee on Commerce, Science, and Transportation.'}",2068,Senate,Handgun Trigger Safety Act of 2014,S,2023-01-11,2023-01-11T13:26:54Z
"{'actionDate': '2013-10-15', 'text': 'Referred to the Subcommittee on Crime, Terrorism, Homeland Security, and Investigations.'}",3018,House,Gun Violence Prevention and Safe Communities Act of 2013,HR,2023-01-11,2023-01-11T13:24:17Z
"{'actionDate': '2013-09-13', 'text': 'Referred to the Subcommittee on Health, Employment, Labor, and Pensions.'}",2910,House,Gun Violence Prevention and Reduction Act of 2013,HR,2023-01-11,2023-01-11T13:24:20Z
"{'actionDate': '2013-09-13', 'text': 'Referred to the Subcommittee on Crime, Terrorism, Homeland Security, and Investigations.'}",2665,House,To ensure secure gun storage and gun safety devices.,HR,2023-01-11,2023-01-11T13:24:34Z
"{'actionDate': '2013-09-13', 'text': 'Referred to the Subcommittee on Crime, Terrorism, Homeland Security, and Investigations.'}",318,House,"Expressing disapproval over the gun violence plaguing America's communities, and calling on the Congress to enact comprehensive gun reforms that reduce gun violence.",HRES,2023-01-11,2023-01-11T13:24:25Z
"{'actionDate': '2013-07-25', 'text': 'Sponsor introductory remarks on measure. (CR S5962)'}",1337,Senate,Crime Gun Tracing Act of 2013,S,2023-01-11,2023-01-11T13:24:23Z
"{'actionDate': '2013-07-18', 'text': 'Forwarded by Subcommittee to Full Committee (Amended) by Voice Vote .'}",2210,House,Marine Gunnery Sergeant John David Fry Scholarship Improvements Act of 2013,HR,2022-11-15,2022-11-15T16:33:41Z
"{'actionDate': '2013-07-15', 'text': 'Referred to the Subcommittee on Crime, Terrorism, Homeland Security, and Investigations.'}",2567,House,Child Handgun Safety Act,HR,2023-01-11,2023-01-11T13:24:44Z
"{'actionDate': '2013-07-15', 'text': 'Referred to the Subcommittee on Crime, Terrorism, Homeland Security, and Investigations.'}",2408,House,To prohibit the Department of Justice from tracking and cataloguing the purchases of multiple rifles and shotguns.,HR,2023-01-11,2023-01-11T13:24:49Z
"{'actionDate': '2013-07-15', 'text': 'Referred to the Subcommittee on Crime, Terrorism, Homeland Security, and Investigations.'}",2277,House,To eliminate the sporting purposes distinction in the gun laws.,HR,2023-01-11,2023-01-11T13:24:53Z
"{'actionDate': '2013-06-24', 'text': 'Placed on the Union Calendar, Calendar No. 89.'}",1691,House,Chocolate Mountain Aerial Gunnery Range Transfer Act of 2013,HR,2023-01-11,2023-01-11T13:23:18Z
"{'actionDate': '2013-06-21', 'text': 'Referred to the Subcommittee on Health.'}",2465,House,To require the Surgeon General of the Public Health Service to submit to Congress an annual report on the effects of gun violence on public health.,HR,2023-01-11,2023-01-11T13:24:47Z
"{'actionDate': '2013-06-14', 'text': 'Referred to the Subcommittee on Crime, Terrorism, Homeland Security, and Investigations.'}",2005,House,Personalized Handgun Safety Act,HR,2023-01-11,2023-01-11T13:23:18Z
"{'actionDate': '2013-06-14', 'text': 'Referred to the Subcommittee on Crime, Terrorism, Homeland Security, and Investigations.'}",1728,House,Enforce Existing Gun Laws Act,HR,2023-01-11,2023-01-11T13:23:16Z
"{'actionDate': '2013-06-12', 'text': ""Committee on Veterans' Affairs. Hearings held. Hearings printed: S.Hrg. 113-111.""}",515,Senate,"A bill to amend title 38, United States Code, to extend the Yellow Ribbon G.I. Education Enhancement Program to cover recipients of Marine Gunnery Sergeant John David Fry scholarship, and for other purposes.",S,2022-11-15,2022-11-15T16:33:11Z
"{'actionDate': '2013-05-08', 'text': 'Read twice and referred to the Committee on the Judiciary.'}",903,Senate,Alien Gun Violence Prevention Act of 2013,S,2023-01-11,2023-01-11T13:24:59Z
"{'actionDate': '2013-04-08', 'text': 'Referred to the Subcommittee on Crime, Terrorism, Homeland Security, And Investigations.'}",868,House,Safer Neighborhoods Gun Buyback Act of 2013,HR,2022-11-15,2022-11-15T16:34:48Z
"{'actionDate': '2013-04-08', 'text': 'Referred to the Subcommittee on Crime, Terrorism, Homeland Security, And Investigations.'}",722,House,Detectives Nemorin and Andrews Anti-Gun Trafficking Act of 2013,HR,2022-11-15,2022-11-15T16:34:47Z
"{'actionDate': '2013-04-08', 'text': 'Referred to the Subcommittee on Crime, Terrorism, Homeland Security, And Investigations.'}",965,House,"To prohibit the possession or transfer of junk guns, also known as Saturday Night Specials.",HR,2019-11-15,2019-11-15T21:32:47Z
"{'actionDate': '2013-04-02', 'text': 'Referred to the Subcommittee on Economic Opportunity.'}",1400,House,"To amend title 38, United States Code, to clarify that children of certain veterans are eligible for the Marine Gunnery Sergeant John David Fry scholarship.",HR,2019-11-15,2019-11-15T21:41:34Z
"{'actionDate': '2013-03-12', 'text': 'Placed on Senate Legislative Calendar under General Orders. Calendar No. 25.'}",374,Senate,Fix Gun Checks Act of 2013,S,2022-11-15,2022-11-15T16:33:39Z
"{'actionDate': '2013-02-28', 'text': 'Referred to the Subcommittee on Crime, Terrorism, Homeland Security, And Investigations.'}",452,House,Gun Trafficking Prevention Act of 2013,HR,2021-09-27,2021-09-27T20:55:33Z
"{'actionDate': '2013-02-28', 'text': 'Referred to the Subcommittee on Crime, Terrorism, Homeland Security, And Investigations.'}",431,House,Gun Transparency and Accountability (Gun TRAC) Act of 2013,HR,2022-11-15,2022-11-15T16:33:31Z
"{'actionDate': '2013-02-12', 'text': 'Committee on the Judiciary Senate Subcommittee on Constitution, Civil Rights and Human Rights. Hearings held. With printed Hearing: S.Hrg. 113-870.'}",179,Senate,Gun Trafficking Prevention Act of 2013,S,2022-03-03,2022-03-03T21:28:40Z
"{'actionDate': '2013-01-25', 'text': 'Referred to the Subcommittee on Crime, Terrorism, Homeland Security, And Investigations.'}",236,House,Crackdown on Deadbeat Gun Dealers Act of 2013,HR,2021-09-27,2021-09-27T20:49:29Z
"{'actionDate': '2013-01-25', 'text': 'Referred to the Subcommittee on Crime, Terrorism, Homeland Security, And Investigations.'}",141,House,Gun Show Loophole Closing Act of 2013,HR,2022-11-15,2022-11-15T16:34:41Z
"{'actionDate': '2013-01-25', 'text': 'Referred to the Subcommittee on Crime, Terrorism, Homeland Security, And Investigations.'}",137,House,Fix Gun Checks Act of 2013,HR,2022-11-15,2022-11-15T16:33:23Z
"{'actionDate': '2013-01-25', 'text': 'Referred to the Subcommittee on Crime, Terrorism, Homeland Security, And Investigations.'}",117,House,Handgun Licensing and Registration Act of 2013,HR,2022-11-15,2022-11-15T16:33:12Z
"{'actionDate': '2013-01-25', 'text': 'Referred to the Subcommittee on Crime, Terrorism, Homeland Security, And Investigations.'}",65,House,Child Gun Safety and Gun Access Prevention Act of 2013,HR,2019-11-15,2019-11-15T21:32:50Z
"{'actionDate': '2013-01-25', 'text': 'Referred to the Subcommittee on Crime, Terrorism, Homeland Security, And Investigations.'}",21,House,NRA Members' Gun Safety Act of 2013,HR,2022-11-15,2022-11-15T16:34:43Z
"{'actionDate': '2013-01-22', 'text': 'Read twice and referred to the Committee on the Judiciary.'}",22,Senate,Gun Show Background Check Act of 2013,S,2022-11-15,2022-11-15T16:34:55Z
"{'actionDate': '2013-01-22', 'text': 'Referred to the House Committee on the Judiciary.'}",332,House,Equal Access to Justice for Victims of Gun Violence Act,HR,2021-09-27,2021-09-27T20:52:00Z
"{'actionDate': '2012-12-31', 'text': 'Referred to the House Committee on the Judiciary.'}",6725,House,NRA Members' Gun Safety Act of 2012,HR,2019-11-15,2019-11-15T21:32:37Z
"{'actionDate': '2012-08-01', 'text': 'Referred to the Subcommittee on Crime, Terrorism, and Homeland Security.'}",6195,House,Detectives Nemorin and Andrews Anti-Gun Trafficking Act of 2012,HR,2019-11-15,2019-11-15T21:31:59Z
"{'actionDate': '2012-02-28', 'text': 'Referred to the Subcommittee on National Parks, Forests and Public Lands.'}",4063,House,Guns-Free National Parks Act of 2012,HR,2019-11-15,2019-11-15T21:28:18Z
"{'actionDate': '2012-02-16', 'text': 'Referred to the Subcommittee on Crime, Terrorism, and Homeland Security.'}",3814,House,To prohibit the Department of Justice from tracking and cataloguing the purchases of multiple rifles and shotguns.,HR,2019-11-15,2019-11-15T21:32:31Z
"{'actionDate': '2011-12-08', 'text': 'Read twice and referred to the Committee on the Judiciary.'}",1973,Senate,Gun Trafficking Prevention Act of 2012,S,2019-02-23,2019-02-23T20:38:51Z
"{'actionDate': '2011-11-15', 'text': 'Committee on the Judiciary Senate Subcommittee on Crime and Terrorism. Hearings held. With printed Hearing: S.Hrg. 112-942.'}",436,Senate,Fix Gun Checks Act of 2011,S,2019-11-15,2019-11-15T22:01:05Z
"{'actionDate': '2011-08-25', 'text': 'Referred to the Subcommittee on Crime, Terrorism, and Homeland Security.'}",2554,House,Stop Gun Trafficking and Strengthen Law Enforcement Act of 2011,HR,2023-01-11,2023-01-11T13:22:45Z
"{'actionDate': '2011-07-11', 'text': 'Referred to the Subcommittee on Crime, Terrorism, and Homeland Security.'}",1552,House,Preventing Gun Violence Act,HR,2021-09-28,2021-09-28T13:33:54Z
"{'actionDate': '2011-06-01', 'text': 'Referred to the Subcommittee on Courts, Commercial and Administrative Law.'}",1181,House,Protecting Gun Owners in Bankruptcy Act of 2011,HR,2023-01-11,2023-01-11T13:20:18Z
"{'actionDate': '2011-06-01', 'text': 'Referred to the Subcommittee on Crime, Terrorism, and Homeland Security.'}",1781,House,Fix Gun Checks Act of 2011,HR,2021-09-28,2021-09-28T13:39:28Z
"{'actionDate': '2011-03-14', 'text': 'Read twice and referred to the Committee on the Judiciary.'}",570,Senate,A bill to prohibit the Department of Justice from tracking and cataloguing the purchases of multiple rifles and shotguns.,S,2021-12-20,2021-12-20T15:46:54Z
"{'actionDate': '2011-02-28', 'text': 'Referred to the Subcommittee on Crime, Terrorism, and Homeland Security.'}",591,House,Gun Show Loophole Closing Act of 2011,HR,2023-01-11,2023-01-11T13:20:39Z
"{'actionDate': '2011-01-25', 'text': 'Read twice and referred to the Committee on the Judiciary.'}",35,Senate,Gun Show Background Check Act of 2011,S,2023-01-11,2023-01-11T13:20:45Z
"{'actionDate': '2011-01-24', 'text': 'Referred to the Subcommittee on Crime, Terrorism, and Homeland Security.'}",227,House,Child Gun Safety and Gun Access Prevention Act of 2011,HR,2023-01-11,2023-01-11T13:21:01Z
"{'actionDate': '2010-12-20', 'text': 'Referred to the Subcommittee on Crime, Terrorism, and Homeland Security.'}",6137,House,Preventing Gun Violence Act,HR,2023-01-11,2023-01-11T13:21:36Z
"{'actionDate': '2010-09-20', 'text': 'Referred to the Subcommittee on Commercial and Administrative Law.'}",5827,House,Protecting Gun Owners in Bankruptcy Act of 2010,HR,2023-01-11,2023-01-11T13:21:54Z
"{'actionDate': '2010-07-27', 'text': 'Read twice and referred to the Committee on the Judiciary. (text of measure as introduced: CR S6305)'}",3654,Senate,Protecting Gun Owners in Bankruptcy Act of 2010,S,2023-01-11,2023-01-11T13:21:42Z
"{'actionDate': '2010-06-29', 'text': 'Referred to the Subcommittee on Healthy Families and Communities.'}",1365,House,"Commending the National Rifle Association for developing the Eddie Eagle GunSafe Program and teaching 23,000,000 children its lifesaving message.",HRES,2023-01-11,2023-01-11T13:20:03Z
"{'actionDate': '2010-03-01', 'text': 'Referred to the Subcommittee on Crime, Terrorism, and Homeland Security.'}",4298,House,Gun Trafficking Prevention Act of 2009,HR,2023-01-11,2023-01-11T13:16:57Z
"{'actionDate': '2009-12-11', 'text': 'Read twice and referred to the Committee on the Judiciary.'}",2878,Senate,Gun Trafficking Prevention Act of 2009,S,2023-01-11,2023-01-11T13:16:50Z
"{'actionDate': '2009-10-26', 'text': 'Submitted in the Senate, considered, and agreed to without amendment and with a preamble by Unanimous Consent. (consideration: CR S10741-10742; text as passed Senate: CR S10741-10742; text of measure as introduced: CR S10737-10738)'}",321,Senate,"A resolution commemorating the lives and work of Jesuit Fathers Ignacio Ellacuria, Ignacio Martin-Baro, Segundo Montes, Amando Lopez, Juan Ramon Moreno, Joaquin Lopez y Lopez, and housekeeper Julia Elba Ramos and her daughter Celina Mariset Ramos on the occasion of the 20th anniversary of their deaths on November 16, 1989, at the Universidad Centroamericana Jose Simeon Canas located in San Salvador, El Salvador.",SRES,2023-01-10,2023-01-10T17:00:55Z
"{'actionDate': '2009-10-21', 'actionTime': '12:24:47', 'text': 'Motion to reconsider laid on the table Agreed to without objection.'}",761,House,"Remembering and commemorating the lives and work of Jesuit Fathers Ignacio Ellacuria, Ignacio Martin-Baro, Segundo Montes, Amando Lopez, Juan Ramon Moreno, Joaquin Lopez y Lopez, and housekeeper Julia Elba Ramos and her daughter Celina Mariset Ramos on the occasion of the 20th anniversary of their deaths at the University of Central America Jose Simeon Canas located in San Salvador, El Salvador on November 16, 1989.",HRES,2023-01-11,2023-01-11T13:17:47Z
